State,State Code,Year,Year Code,Deaths,Population,Crude Rate,Age Adjusted Rate
Alabama,1,2015,2015,51909,4858979,1068.3,924.5
Alaska,2,2015,2015,4316,738432,584.5,747.4
Arizona,4,2015,2015,54299,6828065,795.2,671.8
Arkansas,5,2015,2015,31617,2978204,1061.6,901.8
California,6,2015,2015,259206,39144818,662.2,621.6
Colorado,8,2015,2015,36349,5456574,666.2,665
Connecticut,9,2015,2015,30535,3590886,850.3,656.1
Delaware,10,2015,2015,8582,945934,907.3,741.5
District of Columbia,11,2015,2015,4871,672228,724.6,748.6
Florida,12,2015,2015,191737,20271272,945.9,662.9
Georgia,13,2015,2015,79942,10214860,782.6,808.1
Hawaii,15,2015,2015,11053,1431603,772.1,588.2
Idaho,16,2015,2015,13026,1654930,787.1,727.8
Illinois,17,2015,2015,106872,12859995,831,728.3
Indiana,18,2015,2015,62713,6619680,947.4,833.9
Iowa,19,2015,2015,29600,3123899,947.5,724.6
Kansas,20,2015,2015,26664,2911641,915.8,774.1
Kentucky,21,2015,2015,46564,4425092,1052.3,924.7
Louisiana,22,2015,2015,43716,4670724,936,874.2
Maine,23,2015,2015,14479,1329328,1089.2,783.5
Maryland,24,2015,2015,47247,6006401,786.6,705.7
Massachusetts,25,2015,2015,57806,6794422,850.8,684.8
Michigan,26,2015,2015,95140,9922576,958.8,784.4
Minnesota,27,2015,2015,42800,5489594,779.7,653.8
Mississippi,28,2015,2015,31783,2992333,1062.1,963.7
Missouri,29,2015,2015,59871,6083672,984.1,816.9
Montana,30,2015,2015,9942,1032949,962.5,762.7
Nebraska,31,2015,2015,16740,1896190,882.8,739.2
Nevada,32,2015,2015,22879,2890845,791.4,757.2
New Hampshire,33,2015,2015,11984,1330608,900.6,720.6
New Jersey,34,2015,2015,72271,8958013,806.8,666
New Mexico,35,2015,2015,17685,2085109,848.2,741.5
New York,36,2015,2015,153628,19795791,776.1,644
North Carolina,37,2015,2015,89133,10042802,887.5,789.9
North Dakota,38,2015,2015,6223,756927,822.1,696.8
Ohio,39,2015,2015,118188,11613423,1017.7,828.4
Oklahoma,40,2015,2015,39422,3911338,1007.9,904.3
Oregon,41,2015,2015,35705,4028977,886.2,722.3
Pennsylvania,42,2015,2015,132598,12802503,1035.7,768.3
Rhode Island,44,2015,2015,10163,1056298,962.1,721.9
South Carolina,45,2015,2015,47198,4896146,964,840
South Dakota,46,2015,2015,7731,858469,900.6,715.4
Tennessee,47,2015,2015,66570,6600299,1008.6,886.4
Texas,48,2015,2015,189654,27469114,690.4,745
Utah,49,2015,2015,17334,2995919,578.6,712.1
Vermont,50,2015,2015,5919,626042,945.5,714.7
Virginia,51,2015,2015,65577,8382993,782.3,721.6
Washington,53,2015,2015,54595,7170351,761.4,687.4
West Virginia,54,2015,2015,22752,1844128,1233.8,943.4
Wisconsin,55,2015,2015,51264,5771337,888.3,715.9
Wyoming,56,2015,2015,4778,586107,815.2,748.3
Alabama,1,2016,2016,52466,4863300,1078.8,920.4
Alaska,2,2016,2016,4494,741894,605.7,745.6
Arizona,4,2016,2016,56645,6931071,817.3,675.8
Arkansas,5,2016,2016,31756,2988248,1062.7,893.2
California,6,2016,2016,262240,39250017,668.1,616.9
Colorado,8,2016,2016,37530,5540545,677.4,669.5
Connecticut,9,2016,2016,30543,3576452,854,654
Delaware,10,2016,2016,8874,952065,932.1,746.2
District of Columbia,11,2016,2016,5037,681170,739.5,766
Florida,12,2016,2016,197313,20612439,957.3,666.6
Georgia,13,2016,2016,81428,10310371,789.8,800.4
Hawaii,15,2016,2016,10913,1428557,763.9,572
Idaho,16,2016,2016,13366,1683140,794.1,725
Illinois,17,2016,2016,107020,12801539,836,724.3
Indiana,18,2016,2016,63473,6633053,956.9,835
Iowa,19,2016,2016,29538,3134693,942.3,721.1
Kansas,20,2016,2016,26245,2907289,902.7,756.8
Kentucky,21,2016,2016,47827,4436974,1077.9,938.4
Louisiana,22,2016,2016,44306,4681666,946.4,870.5
Maine,23,2016,2016,14182,1331479,1065.1,759
Maryland,24,2016,2016,48824,6016447,811.5,717.6
Massachusetts,25,2016,2016,56961,6811779,836.2,669
Michigan,26,2016,2016,96231,9928300,969.3,785.4
Minnesota,27,2016,2016,43078,5519952,780.4,648.1
Mississippi,28,2016,2016,31741,2988726,1062,948.9
Missouri,29,2016,2016,59873,6093000,982.7,808.2
Montana,30,2016,2016,9905,1042520,950.1,743.2
Nebraska,31,2016,2016,16217,1907116,850.3,707
Nevada,32,2016,2016,23902,2940058,813,762.6
New Hampshire,33,2016,2016,12203,1334795,914.2,721.5
New Jersey,34,2016,2016,73155,8944469,817.9,668.5
New Mexico,35,2016,2016,18365,2081015,882.5,753.4
New York,36,2016,2016,154358,19745289,781.7,640.7
North Carolina,37,2016,2016,90465,10146788,891.6,782.4
North Dakota,38,2016,2016,6242,757952,823.5,688.4
Ohio,39,2016,2016,119572,11614373,1029.5,832.3
Oklahoma,40,2016,2016,39276,3923561,1001,888.4
Oregon,41,2016,2016,35778,4093465,874,705.9
Pennsylvania,42,2016,2016,133040,12784227,1040.7,770.1
Rhode Island,44,2016,2016,9735,1056426,921.5,690.1
South Carolina,45,2016,2016,48130,4961119,970.1,829.8
South Dakota,46,2016,2016,7845,865454,906.5,719.5
Tennessee,47,2016,2016,67857,6651194,1020.2,886.3
Texas,48,2016,2016,191966,27862596,689,730.6
Utah,49,2016,2016,17913,3051217,587.1,714.7
Vermont,50,2016,2016,5909,624594,946.1,712.8
Virginia,51,2016,2016,66473,8411808,790.2,715.5
Washington,53,2016,2016,54769,7288000,751.5,672
West Virginia,54,2016,2016,22732,1831102,1241.4,943.3
Wisconsin,55,2016,2016,51815,5778708,896.7,717.9
Wyoming,56,2016,2016,4722,585501,806.5,720.9
Alabama,1,2017,2017,53238,4874747,1092.1,917.7
Alaska,2,2017,2017,4411,739795,596.2,708.8
Arizona,4,2017,2017,57758,7016270,823.2,678.5
Arkansas,5,2017,2017,32588,3004279,1084.7,900.1
California,6,2017,2017,268189,39536653,678.3,618.7
Colorado,8,2017,2017,38063,5607154,678.8,663.4
Connecticut,9,2017,2017,31312,3588184,872.6,651.2
Delaware,10,2017,2017,9178,961939,954.1,749.6
District of Columbia,11,2017,2017,4965,693972,715.4,725.4
Florida,12,2017,2017,203636,20984400,970.4,672.1
Georgia,13,2017,2017,83098,10429379,796.8,793.7
Hawaii,15,2017,2017,11390,1427538,797.9,584.9
Idaho,16,2017,2017,14011,1716943,816,741.8
Illinois,17,2017,2017,109721,12802023,857.1,724.2
Indiana,18,2017,2017,65597,6666818,983.9,848.6
Iowa,19,2017,2017,30530,3145711,970.5,737
Kansas,20,2017,2017,27063,2913123,929,771.2
Kentucky,21,2017,2017,48212,4454189,1082.4,929.9
Louisiana,22,2017,2017,45804,4684333,977.8,881.1
Maine,23,2017,2017,14676,1335907,1098.6,771.6
Maryland,24,2017,2017,49926,6052177,824.9,718.1
Massachusetts,25,2017,2017,58803,6859819,857.2,677.1
Michigan,26,2017,2017,97602,9962311,979.7,783.5
Minnesota,27,2017,2017,44371,5576606,795.7,656.4
Mississippi,28,2017,2017,32280,2984100,1081.7,951.3
Missouri,29,2017,2017,61876,6113532,1012.1,820.1
Montana,30,2017,2017,10200,1050493,971,757.5
Nebraska,31,2017,2017,16878,1920076,879,726
Nevada,32,2017,2017,24657,2998039,822.4,765.5
New Hampshire,33,2017,2017,12504,1342795,931.2,717.2
New Jersey,34,2017,2017,74846,9005644,831.1,667.5
New Mexico,35,2017,2017,18673,2088070,894.3,754.7
New York,36,2017,2017,155358,19849399,782.7,623.6
North Carolina,37,2017,2017,93157,10273419,906.8,785.6
North Dakota,38,2017,2017,6415,755393,849.2,692.7
Ohio,39,2017,2017,123648,11658609,1060.6,849.7
Oklahoma,40,2017,2017,40452,3930864,1029.1,902.4
Oregon,41,2017,2017,36624,4142776,884,717.2
Pennsylvania,42,2017,2017,135656,12805537,1059.4,777.3
Rhode Island,44,2017,2017,10157,1059639,958.5,713.4
South Carolina,45,2017,2017,49441,5024369,984,828
South Dakota,46,2017,2017,7996,869666,919.4,736.6
Tennessee,47,2017,2017,70096,6715984,1043.7,897.1
Texas,48,2017,2017,198106,28304596,699.9,735.7
Utah,49,2017,2017,18035,3101833,581.4,700.1
Vermont,50,2017,2017,6007,623657,963.2,714.9
Virginia,51,2017,2017,68579,8470020,809.7,719.4
Washington,53,2017,2017,56995,7405743,769.6,688.6
West Virginia,54,2017,2017,23276,1815857,1281.8,957.1
Wisconsin,55,2017,2017,52681,5795483,909,722
Wyoming,56,2017,2017,4768,579315,823,714.5
Alabama,1,2018,2018,54352,4887871,1112,918.1
Alaska,2,2018,2018,4453,737438,603.8,700.3
Arizona,4,2018,2018,59282,7171646,826.6,669.2
Arkansas,5,2018,2018,32336,3013825,1072.9,876.6
California,6,2018,2018,268818,39557045,679.6,609
Colorado,8,2018,2018,38526,5695564,676.4,651.4
Connecticut,9,2018,2018,31230,3572665,874.1,644.2
Delaware,10,2018,2018,9433,967171,975.3,757.2
District of Columbia,11,2018,2018,5008,702455,712.9,718.8
Florida,12,2018,2018,205426,21299325,964.5,657.9
Georgia,13,2018,2018,85202,10519475,809.9,790.2
Hawaii,15,2018,2018,11415,1420491,803.6,572.5
Idaho,16,2018,2018,14261,1754208,813,726.6
Illinois,17,2018,2018,110022,12741080,863.5,716.9
Indiana,18,2018,2018,65693,6691878,981.7,832.7
Iowa,19,2018,2018,30367,3156145,962.2,723.9
Kansas,20,2018,2018,27537,2911505,945.8,771.3
Kentucky,21,2018,2018,48707,4468402,1090,920
Louisiana,22,2018,2018,46048,4659978,988.2,870.9
Maine,23,2018,2018,14715,1338404,1099.4,753.9
Maryland,24,2018,2018,50568,6042718,836.8,714.1
Massachusetts,25,2018,2018,59152,6902149,857,670.6
Michigan,26,2018,2018,98903,9995915,989.4,782.3
Minnesota,27,2018,2018,44745,5611179,797.4,648
Mississippi,28,2018,2018,32301,2986530,1081.6,934.8
Missouri,29,2018,2018,63117,6126452,1030.2,823.2
Montana,30,2018,2018,9992,1062305,940.6,720.2
Nebraska,31,2018,2018,16904,1929268,876.2,717.4
Nevada,32,2018,2018,24715,3034392,814.5,741.1
New Hampshire,33,2018,2018,12774,1356458,941.7,712.7
New Jersey,34,2018,2018,75765,8908520,850.5,672.5
New Mexico,35,2018,2018,19007,2095428,907.1,748.7
New York,36,2018,2018,157183,19542209,804.3,626.7
North Carolina,37,2018,2018,93885,10383620,904.2,770.1
North Dakota,38,2018,2018,6445,760077,847.9,690.3
Ohio,39,2018,2018,124264,11689442,1063,838.4
Oklahoma,40,2018,2018,40933,3943079,1038.1,893.2
Oregon,41,2018,2018,36187,4190713,863.5,689.8
Pennsylvania,42,2018,2018,134702,12807060,1051.8,759.7
Rhode Island,44,2018,2018,10083,1057315,953.6,696.7
South Carolina,45,2018,2018,50640,5084127,996,821.6
South Dakota,46,2018,2018,7971,882235,903.5,715.9
Tennessee,47,2018,2018,71078,6770010,1049.9,889.7
Texas,48,2018,2018,202211,28701845,704.5,731.8
Utah,49,2018,2018,18354,3161105,580.6,691.8
Vermont,50,2018,2018,6027,626299,962.3,706.5
Virginia,51,2018,2018,69359,8517685,814.3,709.5
Washington,53,2018,2018,56877,7535591,754.8,666.6
West Virginia,54,2018,2018,23478,1805832,1300.1,953.8
Wisconsin,55,2018,2018,53684,5813568,923.4,723.3
Wyoming,56,2018,2018,5070,577737,877.6,749.6
Alabama,1,2019,2019,54108,4903185,1103.5,897.8
Alaska,2,2019,2019,4613,731545,630.6,700.9
Arizona,4,2019,2019,60236,7278717,827.6,660.5
Arkansas,5,2019,2019,32888,3017804,1089.8,876.1
California,6,2019,2019,269831,39512223,682.9,601.8
Colorado,8,2019,2019,39390,5758736,684,647.8
Connecticut,9,2019,2019,31745,3565287,890.4,648.7
Delaware,10,2019,2019,9302,973764,955.3,728.6
District of Columbia,11,2019,2019,4927,705749,698.1,703.2
Florida,12,2019,2019,207002,21477737,963.8,649.4
Georgia,13,2019,2019,85814,10617423,808.2,772.1
Hawaii,15,2019,2019,11559,1415872,816.4,573.3
Idaho,16,2019,2019,14430,1787065,807.5,714.4
Illinois,17,2019,2019,109096,12671821,860.9,704.4
Indiana,18,2019,2019,66001,6732219,980.4,824.6
Iowa,19,2019,2019,30867,3155070,978.3,732.2
Kansas,20,2019,2019,27682,2913314,950.2,765.9
Kentucky,21,2019,2019,48990,4467673,1096.5,911.2
Louisiana,22,2019,2019,45938,4648794,988.2,857
Maine,23,2019,2019,15065,1344212,1120.7,759.7
Maryland,24,2019,2019,50800,6045680,840.3,704.7
Massachusetts,25,2019,2019,58630,6892503,850.6,656.1
Michigan,26,2019,2019,99084,9986857,992.1,772
Minnesota,27,2019,2019,45514,5639632,807,649.2
Mississippi,28,2019,2019,32964,2976149,1107.6,945.1
Missouri,29,2019,2019,62401,6137428,1016.7,801.1
Montana,30,2019,2019,10402,1068778,973.3,739.2
Nebraska,31,2019,2019,16970,1934408,877.3,714.2
Nevada,32,2019,2019,25586,3080156,830.7,740.5
New Hampshire,33,2019,2019,12744,1359711,937.3,700
New Jersey,34,2019,2019,75010,8882190,844.5,657.3
New Mexico,35,2019,2019,19512,2096829,930.5,761.8
New York,36,2019,2019,156375,19453561,803.8,616.2
North Carolina,37,2019,2019,95881,10488084,914.2,767.3
North Dakota,38,2019,2019,6702,762062,879.5,709.5
Ohio,39,2019,2019,123717,11689100,1058.4,827.1
Oklahoma,40,2019,2019,40930,3956971,1034.4,880.4
Oregon,41,2019,2019,37370,4217737,886,697.6
Pennsylvania,42,2019,2019,133983,12801989,1046.6,750.7
Rhode Island,44,2019,2019,10256,1059361,968.1,709.9
South Carolina,45,2019,2019,50962,5148714,989.8,804
South Dakota,46,2019,2019,8270,884659,934.8,739.5
Tennessee,47,2019,2019,71935,6829174,1053.3,882.7
Texas,48,2019,2019,203362,28995881,701.3,717.8
Utah,49,2019,2019,18736,3205958,584.4,686.6
Vermont,50,2019,2019,5956,623989,954.5,680.2
Virginia,51,2019,2019,70325,8535519,823.9,703.3
Washington,53,2019,2019,58263,7614893,765.1,667.3
West Virginia,54,2019,2019,23404,1792147,1305.9,945.4
Wisconsin,55,2019,2019,54189,5822434,930.7,721.6
Wyoming,56,2019,2019,5121,578759,884.8,739.2
Alabama,1,2020,2020,64779,4921532,1316.2,1057.8
Alaska,2,2020,2020,5170,731158,707.1,769.4
Arizona,4,2020,2020,75747,7421401,1020.7,800.3
Arkansas,5,2020,2020,38108,3030522,1257.5,1002.4
California,6,2020,2020,319808,39368078,812.4,705.3
Colorado,8,2020,2020,46918,5807719,807.9,754.2
Connecticut,9,2020,2020,37853,3557006,1064.2,769.1
Delaware,10,2020,2020,11072,986809,1122,835.9
District of Columbia,11,2020,2020,6198,712816,869.5,862.3
Florida,12,2020,2020,239685,21733312,1102.8,735.7
Georgia,13,2020,2020,103075,10710017,962.4,902.1
Hawaii,15,2020,2020,12033,1407006,855.2,588
Idaho,16,2020,2020,16402,1826913,897.8,784.4
Illinois,17,2020,2020,132663,12587530,1053.9,850.7
Indiana,18,2020,2020,78194,6754953,1157.6,967.1
Iowa,19,2020,2020,35981,3163561,1137.4,848.6
Kansas,20,2020,2020,32060,2913805,1100.3,882.2
Kentucky,21,2020,2020,55880,4477251,1248.1,1031.6
Louisiana,22,2020,2020,56752,4645318,1221.7,1044.7
Maine,23,2020,2020,15740,1350141,1165.8,787.2
Maryland,24,2020,2020,60072,6055802,992,820.5
Massachusetts,25,2020,2020,68223,6893574,989.7,756.7
Michigan,26,2020,2020,117106,9966555,1175,907.7
Minnesota,27,2020,2020,52372,5657342,925.7,739.6
Mississippi,28,2020,2020,40190,2966786,1354.7,1138.7
Missouri,29,2020,2020,73887,6151548,1201.1,937.6
Montana,30,2020,2020,12027,1080577,1113,839.4
Nebraska,31,2020,2020,19549,1937552,1009,817.2
Nevada,32,2020,2020,30618,3138259,975.6,853.3
New Hampshire,33,2020,2020,13700,1366275,1002.7,737.8
New Jersey,34,2020,2020,96003,8882371,1080.8,834.4
New Mexico,35,2020,2020,23807,2106319,1130.3,912.5
New York,36,2020,2020,203341,19336776,1051.6,797.1
North Carolina,37,2020,2020,109449,10600823,1032.5,856.4
North Dakota,38,2020,2020,8052,765309,1052.1,848.8
Ohio,39,2020,2020,143700,11693217,1228.9,953.9
Oklahoma,40,2020,2020,47809,3980783,1201,1011.6
Oregon,41,2020,2020,40220,4241507,948.2,741.2
Pennsylvania,42,2020,2020,155546,12783254,1216.8,866
Rhode Island,44,2020,2020,11819,1057125,1118,806.6
South Carolina,45,2020,2020,61223,5218040,1173.3,937.6
South Dakota,46,2020,2020,9861,892717,1104.6,868.1
Tennessee,47,2020,2020,84205,6886834,1222.7,1015.1
Texas,48,2020,2020,250339,29360759,852.6,862.1
Utah,49,2020,2020,21497,3249879,661.5,765.3
Vermont,50,2020,2020,6459,623347,1036.2,737.7
Virginia,51,2020,2020,80596,8590563,938.2,792.8
Washington,53,2020,2020,63146,7693612,820.8,711.2
West Virginia,54,2020,2020,26106,1784787,1462.7,1055.8
Wisconsin,55,2020,2020,62706,5832655,1075.1,828.4
Wyoming,56,2020,2020,5983,582328,1027.4,842
