State,State Code,Hispanic Origin,Hispanic Origin Code,Year,Year Code,Deaths,Population,Crude Rate
Alabama,1,Hispanic or Latino,2135-2,2015,2015,335,203325,164.8
Alabama,1,Hispanic or Latino,2135-2,2016,2016,312,203845,153.1
Alabama,1,Hispanic or Latino,2135-2,2017,2017,330,211058,156.4
Alabama,1,Hispanic or Latino,2135-2,2018,2018,319,217181,146.9
Alabama,1,Hispanic or Latino,2135-2,2019,2019,399,223278,178.7
Alabama,1,Hispanic or Latino,2135-2,2020,2020,603,226557,266.2
Alabama,1,Not Hispanic or Latino,2186-2,2015,2015,51539,4655654,1107
Alabama,1,Not Hispanic or Latino,2186-2,2016,2016,52139,4659455,1119
Alabama,1,Not Hispanic or Latino,2186-2,2017,2017,52828,4663689,1132.8
Alabama,1,Not Hispanic or Latino,2186-2,2018,2018,53970,4670690,1155.5
Alabama,1,Not Hispanic or Latino,2186-2,2019,2019,53612,4679907,1145.6
Alabama,1,Not Hispanic or Latino,2186-2,2020,2020,64100,4694975,1365.3
Alabama,1,Not Stated,NS,2015,2015,35,Not Applicable,Not Applicable
Alabama,1,Not Stated,NS,2016,2016,15,Not Applicable,Not Applicable
Alabama,1,Not Stated,NS,2017,2017,80,Not Applicable,Not Applicable
Alabama,1,Not Stated,NS,2018,2018,63,Not Applicable,Not Applicable
Alabama,1,Not Stated,NS,2019,2019,97,Not Applicable,Not Applicable
Alabama,1,Not Stated,NS,2020,2020,76,Not Applicable,Not Applicable
Alaska,2,Hispanic or Latino,2135-2,2015,2015,94,51826,181.4
Alaska,2,Hispanic or Latino,2135-2,2016,2016,91,51599,176.4
Alaska,2,Hispanic or Latino,2135-2,2017,2017,114,52250,218.2
Alaska,2,Hispanic or Latino,2135-2,2018,2018,116,53288,217.7
Alaska,2,Hispanic or Latino,2135-2,2019,2019,113,53212,212.4
Alaska,2,Hispanic or Latino,2135-2,2020,2020,127,53556,237.1
Alaska,2,Not Hispanic or Latino,2186-2,2015,2015,4206,686606,612.6
Alaska,2,Not Hispanic or Latino,2186-2,2016,2016,4374,690295,633.6
Alaska,2,Not Hispanic or Latino,2186-2,2017,2017,4273,687545,621.5
Alaska,2,Not Hispanic or Latino,2186-2,2018,2018,4306,684150,629.4
Alaska,2,Not Hispanic or Latino,2186-2,2019,2019,4473,678333,659.4
Alaska,2,Not Hispanic or Latino,2186-2,2020,2020,5015,677602,740.1
Alaska,2,Not Stated,NS,2015,2015,16,Not Applicable,Not Applicable
Alaska,2,Not Stated,NS,2016,2016,29,Not Applicable,Not Applicable
Alaska,2,Not Stated,NS,2017,2017,24,Not Applicable,Not Applicable
Alaska,2,Not Stated,NS,2018,2018,31,Not Applicable,Not Applicable
Alaska,2,Not Stated,NS,2019,2019,27,Not Applicable,Not Applicable
Alaska,2,Not Stated,NS,2020,2020,28,Not Applicable,Not Applicable
Arizona,4,Hispanic or Latino,2135-2,2015,2015,7028,2098410,334.9
Arizona,4,Hispanic or Latino,2135-2,2016,2016,7541,2144775,351.6
Arizona,4,Hispanic or Latino,2135-2,2017,2017,7786,2202172,353.6
Arizona,4,Hispanic or Latino,2135-2,2018,2018,8393,2266343,370.3
Arizona,4,Hispanic or Latino,2135-2,2019,2019,8820,2310590,381.7
Arizona,4,Hispanic or Latino,2135-2,2020,2020,12968,2366919,547.9
Arizona,4,Not Hispanic or Latino,2186-2,2015,2015,46735,4729655,988.1
Arizona,4,Not Hispanic or Latino,2186-2,2016,2016,48368,4786296,1010.6
Arizona,4,Not Hispanic or Latino,2186-2,2017,2017,49219,4814098,1022.4
Arizona,4,Not Hispanic or Latino,2186-2,2018,2018,50250,4905303,1024.4
Arizona,4,Not Hispanic or Latino,2186-2,2019,2019,50728,4968127,1021.1
Arizona,4,Not Hispanic or Latino,2186-2,2020,2020,61894,5054482,1224.5
Arizona,4,Not Stated,NS,2015,2015,536,Not Applicable,Not Applicable
Arizona,4,Not Stated,NS,2016,2016,736,Not Applicable,Not Applicable
Arizona,4,Not Stated,NS,2017,2017,753,Not Applicable,Not Applicable
Arizona,4,Not Stated,NS,2018,2018,639,Not Applicable,Not Applicable
Arizona,4,Not Stated,NS,2019,2019,688,Not Applicable,Not Applicable
Arizona,4,Not Stated,NS,2020,2020,885,Not Applicable,Not Applicable
Arkansas,5,Hispanic or Latino,2135-2,2015,2015,262,213957,122.5
Arkansas,5,Hispanic or Latino,2135-2,2016,2016,311,218561,142.3
Arkansas,5,Hispanic or Latino,2135-2,2017,2017,357,227673,156.8
Arkansas,5,Hispanic or Latino,2135-2,2018,2018,364,233187,156.1
Arkansas,5,Hispanic or Latino,2135-2,2019,2019,392,236631,165.7
Arkansas,5,Hispanic or Latino,2135-2,2020,2020,608,243163,250
Arkansas,5,Not Hispanic or Latino,2186-2,2015,2015,31159,2764247,1127.2
Arkansas,5,Not Hispanic or Latino,2186-2,2016,2016,31285,2769687,1129.6
Arkansas,5,Not Hispanic or Latino,2186-2,2017,2017,32129,2776606,1157.1
Arkansas,5,Not Hispanic or Latino,2186-2,2018,2018,31942,2780638,1148.7
Arkansas,5,Not Hispanic or Latino,2186-2,2019,2019,32477,2781173,1167.7
Arkansas,5,Not Hispanic or Latino,2186-2,2020,2020,37476,2787359,1344.5
Arkansas,5,Not Stated,NS,2015,2015,196,Not Applicable,Not Applicable
Arkansas,5,Not Stated,NS,2016,2016,160,Not Applicable,Not Applicable
Arkansas,5,Not Stated,NS,2017,2017,102,Not Applicable,Not Applicable
Arkansas,5,Not Stated,NS,2018,2018,30,Not Applicable,Not Applicable
Arkansas,5,Not Stated,NS,2019,2019,19,Not Applicable,Not Applicable
Arkansas,5,Not Stated,NS,2020,2020,24,Not Applicable,Not Applicable
California,6,Hispanic or Latino,2135-2,2015,2015,47551,15184548,313.2
California,6,Hispanic or Latino,2135-2,2016,2016,49576,15280773,324.4
California,6,Hispanic or Latino,2135-2,2017,2017,51894,15477304,335.3
California,6,Hispanic or Latino,2135-2,2018,2018,53441,15540142,343.9
California,6,Hispanic or Latino,2135-2,2019,2019,55179,15574880,354.3
California,6,Hispanic or Latino,2135-2,2020,2020,77607,15569780,498.4
California,6,Not Hispanic or Latino,2186-2,2015,2015,211199,23960270,881.5
California,6,Not Hispanic or Latino,2186-2,2016,2016,212037,23969244,884.6
California,6,Not Hispanic or Latino,2186-2,2017,2017,215699,24059349,896.5
California,6,Not Hispanic or Latino,2186-2,2018,2018,214721,24016903,894
California,6,Not Hispanic or Latino,2186-2,2019,2019,213960,23937343,893.8
California,6,Not Hispanic or Latino,2186-2,2020,2020,241412,23798298,1014.4
California,6,Not Stated,NS,2015,2015,456,Not Applicable,Not Applicable
California,6,Not Stated,NS,2016,2016,627,Not Applicable,Not Applicable
California,6,Not Stated,NS,2017,2017,596,Not Applicable,Not Applicable
California,6,Not Stated,NS,2018,2018,656,Not Applicable,Not Applicable
California,6,Not Stated,NS,2019,2019,692,Not Applicable,Not Applicable
California,6,Not Stated,NS,2020,2020,789,Not Applicable,Not Applicable
Colorado,8,Hispanic or Latino,2135-2,2015,2015,4256,1164274,365.5
Colorado,8,Hispanic or Latino,2135-2,2016,2016,4479,1181219,379.2
Colorado,8,Hispanic or Latino,2135-2,2017,2017,4666,1206724,386.7
Colorado,8,Hispanic or Latino,2135-2,2018,2018,4729,1235117,382.9
Colorado,8,Hispanic or Latino,2135-2,2019,2019,5096,1256904,405.4
Colorado,8,Hispanic or Latino,2135-2,2020,2020,6921,1274247,543.1
Colorado,8,Not Hispanic or Latino,2186-2,2015,2015,32026,4292300,746.1
Colorado,8,Not Hispanic or Latino,2186-2,2016,2016,32981,4359326,756.6
Colorado,8,Not Hispanic or Latino,2186-2,2017,2017,33318,4400430,757.2
Colorado,8,Not Hispanic or Latino,2186-2,2018,2018,33674,4460447,754.9
Colorado,8,Not Hispanic or Latino,2186-2,2019,2019,34180,4501832,759.2
Colorado,8,Not Hispanic or Latino,2186-2,2020,2020,39794,4533472,877.8
Colorado,8,Not Stated,NS,2015,2015,67,Not Applicable,Not Applicable
Colorado,8,Not Stated,NS,2016,2016,70,Not Applicable,Not Applicable
Colorado,8,Not Stated,NS,2017,2017,79,Not Applicable,Not Applicable
Colorado,8,Not Stated,NS,2018,2018,123,Not Applicable,Not Applicable
Colorado,8,Not Stated,NS,2019,2019,114,Not Applicable,Not Applicable
Colorado,8,Not Stated,NS,2020,2020,203,Not Applicable,Not Applicable
Connecticut,9,Hispanic or Latino,2135-2,2015,2015,1555,553781,280.8
Connecticut,9,Hispanic or Latino,2135-2,2016,2016,1609,562348,286.1
Connecticut,9,Hispanic or Latino,2135-2,2017,2017,1668,578833,288.2
Connecticut,9,Hispanic or Latino,2135-2,2018,2018,1768,589809,299.8
Connecticut,9,Hispanic or Latino,2135-2,2019,2019,1940,600955,322.8
Connecticut,9,Hispanic or Latino,2135-2,2020,2020,2752,612929,449
Connecticut,9,Not Hispanic or Latino,2186-2,2015,2015,28954,3037105,953.3
Connecticut,9,Not Hispanic or Latino,2186-2,2016,2016,28925,3014104,959.7
Connecticut,9,Not Hispanic or Latino,2186-2,2017,2017,29637,3009351,984.8
Connecticut,9,Not Hispanic or Latino,2186-2,2018,2018,29456,2982856,987.5
Connecticut,9,Not Hispanic or Latino,2186-2,2019,2019,29804,2964332,1005.4
Connecticut,9,Not Hispanic or Latino,2186-2,2020,2020,34989,2944077,1188.5
Connecticut,9,Not Stated,NS,2015,2015,26,Not Applicable,Not Applicable
Connecticut,9,Not Stated,NS,2020,2020,112,Not Applicable,Not Applicable
Delaware,10,Hispanic or Latino,2135-2,2015,2015,151,85305,177
Delaware,10,Hispanic or Latino,2135-2,2016,2016,202,87152,231.8
Delaware,10,Hispanic or Latino,2135-2,2017,2017,181,89539,202.1
Delaware,10,Hispanic or Latino,2135-2,2018,2018,194,91974,210.9
Delaware,10,Hispanic or Latino,2135-2,2019,2019,211,93391,225.9
Delaware,10,Hispanic or Latino,2135-2,2020,2020,288,97078,296.7
Delaware,10,Not Hispanic or Latino,2186-2,2015,2015,8376,860629,973.2
Delaware,10,Not Hispanic or Latino,2186-2,2016,2016,8638,864913,998.7
Delaware,10,Not Hispanic or Latino,2186-2,2017,2017,8971,872400,1028.3
Delaware,10,Not Hispanic or Latino,2186-2,2018,2018,9188,875197,1049.8
Delaware,10,Not Hispanic or Latino,2186-2,2019,2019,9051,880373,1028.1
Delaware,10,Not Hispanic or Latino,2186-2,2020,2020,10783,889731,1211.9
Delaware,10,Not Stated,NS,2015,2015,55,Not Applicable,Not Applicable
Delaware,10,Not Stated,NS,2016,2016,34,Not Applicable,Not Applicable
Delaware,10,Not Stated,NS,2017,2017,26,Not Applicable,Not Applicable
Delaware,10,Not Stated,NS,2018,2018,51,Not Applicable,Not Applicable
Delaware,10,Not Stated,NS,2019,2019,40,Not Applicable,Not Applicable
District of Columbia,11,Hispanic or Latino,2135-2,2015,2015,125,71128,175.7
District of Columbia,11,Hispanic or Latino,2135-2,2016,2016,175,74422,235.1
District of Columbia,11,Hispanic or Latino,2135-2,2017,2017,160,76526,209.1
District of Columbia,11,Hispanic or Latino,2135-2,2018,2018,168,79249,212
District of Columbia,11,Hispanic or Latino,2135-2,2019,2019,164,79477,206.3
District of Columbia,11,Hispanic or Latino,2135-2,2020,2020,316,81115,389.6
District of Columbia,11,Not Hispanic or Latino,2186-2,2015,2015,4712,601100,783.9
District of Columbia,11,Not Hispanic or Latino,2186-2,2016,2016,4786,606748,788.8
District of Columbia,11,Not Hispanic or Latino,2186-2,2017,2017,4800,617446,777.4
District of Columbia,11,Not Hispanic or Latino,2186-2,2018,2018,4839,623206,776.5
District of Columbia,11,Not Hispanic or Latino,2186-2,2019,2019,4762,626272,760.4
District of Columbia,11,Not Hispanic or Latino,2186-2,2020,2020,5880,631701,930.8
District of Columbia,11,Not Stated,NS,2015,2015,34,Not Applicable,Not Applicable
District of Columbia,11,Not Stated,NS,2016,2016,76,Not Applicable,Not Applicable
Florida,12,Hispanic or Latino,2135-2,2015,2015,23470,4964077,472.8
Florida,12,Hispanic or Latino,2135-2,2016,2016,25213,5126975,491.8
Florida,12,Hispanic or Latino,2135-2,2017,2017,26392,5371385,491.3
Florida,12,Hispanic or Latino,2135-2,2018,2018,27250,5562417,489.9
Florida,12,Hispanic or Latino,2135-2,2019,2019,27696,5663860,489
Florida,12,Hispanic or Latino,2135-2,2020,2020,35870,5749737,623.9
Florida,12,Not Hispanic or Latino,2186-2,2015,2015,167389,15307195,1093.5
Florida,12,Not Hispanic or Latino,2186-2,2016,2016,172063,15485464,1111.1
Florida,12,Not Hispanic or Latino,2186-2,2017,2017,176621,15613015,1131.2
Florida,12,Not Hispanic or Latino,2186-2,2018,2018,177868,15736908,1130.3
Florida,12,Not Hispanic or Latino,2186-2,2019,2019,179256,15813877,1133.5
Florida,12,Not Hispanic or Latino,2186-2,2020,2020,203751,15983575,1274.8
Florida,12,Not Stated,NS,2015,2015,878,Not Applicable,Not Applicable
Florida,12,Not Stated,NS,2016,2016,37,Not Applicable,Not Applicable
Florida,12,Not Stated,NS,2017,2017,623,Not Applicable,Not Applicable
Florida,12,Not Stated,NS,2018,2018,308,Not Applicable,Not Applicable
Florida,12,Not Stated,NS,2019,2019,50,Not Applicable,Not Applicable
Florida,12,Not Stated,NS,2020,2020,64,Not Applicable,Not Applicable
Georgia,13,Hispanic or Latino,2135-2,2015,2015,1370,955434,143.4
Georgia,13,Hispanic or Latino,2135-2,2016,2016,1474,972698,151.5
Georgia,13,Hispanic or Latino,2135-2,2017,2017,1597,1005959,158.8
Georgia,13,Hispanic or Latino,2135-2,2018,2018,1732,1026737,168.7
Georgia,13,Hispanic or Latino,2135-2,2019,2019,1868,1048724,178.1
Georgia,13,Hispanic or Latino,2135-2,2020,2020,2764,1067941,258.8
Georgia,13,Not Hispanic or Latino,2186-2,2015,2015,78557,9259426,848.4
Georgia,13,Not Hispanic or Latino,2186-2,2016,2016,79947,9337673,856.2
Georgia,13,Not Hispanic or Latino,2186-2,2017,2017,81487,9423420,864.7
Georgia,13,Not Hispanic or Latino,2186-2,2018,2018,83454,9492738,879.1
Georgia,13,Not Hispanic or Latino,2186-2,2019,2019,83938,9568699,877.2
Georgia,13,Not Hispanic or Latino,2186-2,2020,2020,100300,9642076,1040.2
Georgia,13,Not Stated,NS,2015,2015,15,Not Applicable,Not Applicable
Georgia,13,Not Stated,NS,2017,2017,14,Not Applicable,Not Applicable
Georgia,13,Not Stated,NS,2018,2018,16,Not Applicable,Not Applicable
Georgia,13,Not Stated,NS,2020,2020,11,Not Applicable,Not Applicable
Hawaii,15,Hispanic or Latino,2135-2,2015,2015,532,148705,357.8
Hawaii,15,Hispanic or Latino,2135-2,2016,2016,549,148148,370.6
Hawaii,15,Hispanic or Latino,2135-2,2017,2017,573,150125,381.7
Hawaii,15,Hispanic or Latino,2135-2,2018,2018,552,151357,364.7
Hawaii,15,Hispanic or Latino,2135-2,2019,2019,618,150864,409.6
Hawaii,15,Hispanic or Latino,2135-2,2020,2020,658,153943,427.4
Hawaii,15,Not Hispanic or Latino,2186-2,2015,2015,10394,1282898,810.2
Hawaii,15,Not Hispanic or Latino,2186-2,2016,2016,10187,1280409,795.6
Hawaii,15,Not Hispanic or Latino,2186-2,2017,2017,10680,1277413,836.1
Hawaii,15,Not Hispanic or Latino,2186-2,2018,2018,10707,1269134,843.6
Hawaii,15,Not Hispanic or Latino,2186-2,2019,2019,10771,1265008,851.5
Hawaii,15,Not Hispanic or Latino,2186-2,2020,2020,11197,1253063,893.6
Hawaii,15,Not Stated,NS,2015,2015,127,Not Applicable,Not Applicable
Hawaii,15,Not Stated,NS,2016,2016,177,Not Applicable,Not Applicable
Hawaii,15,Not Stated,NS,2017,2017,137,Not Applicable,Not Applicable
Hawaii,15,Not Stated,NS,2018,2018,156,Not Applicable,Not Applicable
Hawaii,15,Not Stated,NS,2019,2019,170,Not Applicable,Not Applicable
Hawaii,15,Not Stated,NS,2020,2020,178,Not Applicable,Not Applicable
Idaho,16,Hispanic or Latino,2135-2,2015,2015,416,202430,205.5
Idaho,16,Hispanic or Latino,2135-2,2016,2016,449,207743,216.1
Idaho,16,Hispanic or Latino,2135-2,2017,2017,520,215392,241.4
Idaho,16,Hispanic or Latino,2135-2,2018,2018,508,222908,227.9
Idaho,16,Hispanic or Latino,2135-2,2019,2019,531,229490,231.4
Idaho,16,Hispanic or Latino,2135-2,2020,2020,733,237272,308.9
Idaho,16,Not Hispanic or Latino,2186-2,2015,2015,12608,1452500,868
Idaho,16,Not Hispanic or Latino,2186-2,2016,2016,12914,1475397,875.3
Idaho,16,Not Hispanic or Latino,2186-2,2017,2017,13490,1501551,898.4
Idaho,16,Not Hispanic or Latino,2186-2,2018,2018,13737,1531300,897.1
Idaho,16,Not Hispanic or Latino,2186-2,2019,2019,13880,1557575,891.1
Idaho,16,Not Hispanic or Latino,2186-2,2020,2020,15644,1589641,984.1
Idaho,16,Not Stated,NS,2018,2018,16,Not Applicable,Not Applicable
Idaho,16,Not Stated,NS,2019,2019,19,Not Applicable,Not Applicable
Idaho,16,Not Stated,NS,2020,2020,25,Not Applicable,Not Applicable
Illinois,17,Hispanic or Latino,2135-2,2015,2015,5019,2175116,230.7
Illinois,17,Hispanic or Latino,2135-2,2016,2016,5329,2181439,244.3
Illinois,17,Hispanic or Latino,2135-2,2017,2017,5492,2209337,248.6
Illinois,17,Hispanic or Latino,2135-2,2018,2018,5916,2214142,267.2
Illinois,17,Hispanic or Latino,2135-2,2019,2019,6096,2219882,274.6
Illinois,17,Hispanic or Latino,2135-2,2020,2020,9587,2219748,431.9
Illinois,17,Not Hispanic or Latino,2186-2,2015,2015,101486,10684879,949.8
Illinois,17,Not Hispanic or Latino,2186-2,2016,2016,101367,10620100,954.5
Illinois,17,Not Hispanic or Latino,2186-2,2017,2017,103911,10592686,981
Illinois,17,Not Hispanic or Latino,2186-2,2018,2018,103808,10526938,986.1
Illinois,17,Not Hispanic or Latino,2186-2,2019,2019,102691,10451939,982.5
Illinois,17,Not Hispanic or Latino,2186-2,2020,2020,122800,10367782,1184.4
Illinois,17,Not Stated,NS,2015,2015,367,Not Applicable,Not Applicable
Illinois,17,Not Stated,NS,2016,2016,324,Not Applicable,Not Applicable
Illinois,17,Not Stated,NS,2017,2017,318,Not Applicable,Not Applicable
Illinois,17,Not Stated,NS,2018,2018,298,Not Applicable,Not Applicable
Illinois,17,Not Stated,NS,2019,2019,309,Not Applicable,Not Applicable
Illinois,17,Not Stated,NS,2020,2020,276,Not Applicable,Not Applicable
Indiana,18,Hispanic or Latino,2135-2,2015,2015,944,441909,213.6
Indiana,18,Hispanic or Latino,2135-2,2016,2016,960,449871,213.4
Indiana,18,Hispanic or Latino,2135-2,2017,2017,1060,466453,227.2
Indiana,18,Hispanic or Latino,2135-2,2018,2018,1128,475237,237.4
Indiana,18,Hispanic or Latino,2135-2,2019,2019,1246,489353,254.6
Indiana,18,Hispanic or Latino,2135-2,2020,2020,1681,502475,334.5
Indiana,18,Not Hispanic or Latino,2186-2,2015,2015,61754,6177771,999.6
Indiana,18,Not Hispanic or Latino,2186-2,2016,2016,62495,6183182,1010.7
Indiana,18,Not Hispanic or Latino,2186-2,2017,2017,64446,6200365,1039.4
Indiana,18,Not Hispanic or Latino,2186-2,2018,2018,64525,6216641,1037.9
Indiana,18,Not Hispanic or Latino,2186-2,2019,2019,64731,6242866,1036.9
Indiana,18,Not Hispanic or Latino,2186-2,2020,2020,76492,6252478,1223.4
Indiana,18,Not Stated,NS,2015,2015,15,Not Applicable,Not Applicable
Indiana,18,Not Stated,NS,2016,2016,18,Not Applicable,Not Applicable
Indiana,18,Not Stated,NS,2017,2017,91,Not Applicable,Not Applicable
Indiana,18,Not Stated,NS,2018,2018,40,Not Applicable,Not Applicable
Indiana,18,Not Stated,NS,2019,2019,24,Not Applicable,Not Applicable
Indiana,18,Not Stated,NS,2020,2020,21,Not Applicable,Not Applicable
Iowa,19,Hispanic or Latino,2135-2,2015,2015,273,178620,152.8
Iowa,19,Hispanic or Latino,2135-2,2016,2016,324,182606,177.4
Iowa,19,Hispanic or Latino,2135-2,2017,2017,320,189818,168.6
Iowa,19,Hispanic or Latino,2135-2,2018,2018,321,194432,165.1
Iowa,19,Hispanic or Latino,2135-2,2019,2019,369,198550,185.8
Iowa,19,Hispanic or Latino,2135-2,2020,2020,508,205956,246.7
Iowa,19,Not Hispanic or Latino,2186-2,2015,2015,29323,2945279,995.6
Iowa,19,Not Hispanic or Latino,2186-2,2016,2016,29211,2952087,989.5
Iowa,19,Not Hispanic or Latino,2186-2,2017,2017,30209,2955893,1022
Iowa,19,Not Hispanic or Latino,2186-2,2018,2018,30043,2961713,1014.4
Iowa,19,Not Hispanic or Latino,2186-2,2019,2019,30493,2956520,1031.4
Iowa,19,Not Hispanic or Latino,2186-2,2020,2020,35465,2957605,1199.1
Kansas,20,Hispanic or Latino,2135-2,2015,2015,812,336594,241.2
Kansas,20,Hispanic or Latino,2135-2,2016,2016,806,338481,238.1
Kansas,20,Hispanic or Latino,2135-2,2017,2017,934,347459,268.8
Kansas,20,Hispanic or Latino,2135-2,2018,2018,926,351180,263.7
Kansas,20,Hispanic or Latino,2135-2,2019,2019,992,356073,278.6
Kansas,20,Hispanic or Latino,2135-2,2020,2020,1442,362238,398.1
Kansas,20,Not Hispanic or Latino,2186-2,2015,2015,25771,2575047,1000.8
Kansas,20,Not Hispanic or Latino,2186-2,2016,2016,25326,2568808,985.9
Kansas,20,Not Hispanic or Latino,2186-2,2017,2017,26016,2565664,1014
Kansas,20,Not Hispanic or Latino,2186-2,2018,2018,26483,2560325,1034.4
Kansas,20,Not Hispanic or Latino,2186-2,2019,2019,26489,2557241,1035.8
Kansas,20,Not Hispanic or Latino,2186-2,2020,2020,30411,2551567,1191.9
Kansas,20,Not Stated,NS,2015,2015,81,Not Applicable,Not Applicable
Kansas,20,Not Stated,NS,2016,2016,113,Not Applicable,Not Applicable
Kansas,20,Not Stated,NS,2017,2017,113,Not Applicable,Not Applicable
Kansas,20,Not Stated,NS,2018,2018,128,Not Applicable,Not Applicable
Kansas,20,Not Stated,NS,2019,2019,201,Not Applicable,Not Applicable
Kansas,20,Not Stated,NS,2020,2020,207,Not Applicable,Not Applicable
Kentucky,21,Hispanic or Latino,2135-2,2015,2015,249,152224,163.6
Kentucky,21,Hispanic or Latino,2135-2,2016,2016,271,155520,174.3
Kentucky,21,Hispanic or Latino,2135-2,2017,2017,290,163489,177.4
Kentucky,21,Hispanic or Latino,2135-2,2018,2018,310,171933,180.3
Kentucky,21,Hispanic or Latino,2135-2,2019,2019,326,174706,186.6
Kentucky,21,Hispanic or Latino,2135-2,2020,2020,430,179277,239.9
Kentucky,21,Not Hispanic or Latino,2186-2,2015,2015,46205,4272868,1081.4
Kentucky,21,Not Hispanic or Latino,2186-2,2016,2016,47538,4281454,1110.3
Kentucky,21,Not Hispanic or Latino,2186-2,2017,2017,47901,4290700,1116.4
Kentucky,21,Not Hispanic or Latino,2186-2,2018,2018,48382,4296469,1126.1
Kentucky,21,Not Hispanic or Latino,2186-2,2019,2019,48640,4292967,1133
Kentucky,21,Not Hispanic or Latino,2186-2,2020,2020,55427,4297974,1289.6
Kentucky,21,Not Stated,NS,2015,2015,110,Not Applicable,Not Applicable
Kentucky,21,Not Stated,NS,2016,2016,18,Not Applicable,Not Applicable
Kentucky,21,Not Stated,NS,2017,2017,21,Not Applicable,Not Applicable
Kentucky,21,Not Stated,NS,2018,2018,15,Not Applicable,Not Applicable
Kentucky,21,Not Stated,NS,2019,2019,24,Not Applicable,Not Applicable
Kentucky,21,Not Stated,NS,2020,2020,23,Not Applicable,Not Applicable
Louisiana,22,Hispanic or Latino,2135-2,2015,2015,622,232532,267.5
Louisiana,22,Hispanic or Latino,2135-2,2016,2016,647,236152,274
Louisiana,22,Hispanic or Latino,2135-2,2017,2017,762,245135,310.8
Louisiana,22,Hispanic or Latino,2135-2,2018,2018,737,243811,302.3
Louisiana,22,Hispanic or Latino,2135-2,2019,2019,801,246972,324.3
Louisiana,22,Hispanic or Latino,2135-2,2020,2020,1046,252634,414
Louisiana,22,Not Hispanic or Latino,2186-2,2015,2015,43051,4438192,970
Louisiana,22,Not Hispanic or Latino,2186-2,2016,2016,43575,4445514,980.2
Louisiana,22,Not Hispanic or Latino,2186-2,2017,2017,44924,4439198,1012
Louisiana,22,Not Hispanic or Latino,2186-2,2018,2018,45264,4416167,1025
Louisiana,22,Not Hispanic or Latino,2186-2,2019,2019,45078,4401822,1024.1
Louisiana,22,Not Hispanic or Latino,2186-2,2020,2020,55666,4392684,1267.2
Louisiana,22,Not Stated,NS,2015,2015,43,Not Applicable,Not Applicable
Louisiana,22,Not Stated,NS,2016,2016,84,Not Applicable,Not Applicable
Louisiana,22,Not Stated,NS,2017,2017,118,Not Applicable,Not Applicable
Louisiana,22,Not Stated,NS,2018,2018,47,Not Applicable,Not Applicable
Louisiana,22,Not Stated,NS,2019,2019,59,Not Applicable,Not Applicable
Louisiana,22,Not Stated,NS,2020,2020,40,Not Applicable,Not Applicable
Maine,23,Hispanic or Latino,2135-2,2015,2015,33,20924,157.7
Maine,23,Hispanic or Latino,2135-2,2016,2016,38,21058,180.5
Maine,23,Hispanic or Latino,2135-2,2017,2017,44,22042,199.6
Maine,23,Hispanic or Latino,2135-2,2018,2018,39,22850,170.7
Maine,23,Hispanic or Latino,2135-2,2019,2019,48,23700,202.5
Maine,23,Hispanic or Latino,2135-2,2020,2020,38,25266,150.4
Maine,23,Not Hispanic or Latino,2186-2,2015,2015,14408,1308404,1101.2
Maine,23,Not Hispanic or Latino,2186-2,2016,2016,14111,1310421,1076.8
Maine,23,Not Hispanic or Latino,2186-2,2017,2017,14601,1313865,1111.3
Maine,23,Not Hispanic or Latino,2186-2,2018,2018,14638,1315554,1112.7
Maine,23,Not Hispanic or Latino,2186-2,2019,2019,14953,1320512,1132.4
Maine,23,Not Hispanic or Latino,2186-2,2020,2020,15617,1324875,1178.8
Maine,23,Not Stated,NS,2015,2015,38,Not Applicable,Not Applicable
Maine,23,Not Stated,NS,2016,2016,33,Not Applicable,Not Applicable
Maine,23,Not Stated,NS,2017,2017,31,Not Applicable,Not Applicable
Maine,23,Not Stated,NS,2018,2018,38,Not Applicable,Not Applicable
Maine,23,Not Stated,NS,2019,2019,64,Not Applicable,Not Applicable
Maine,23,Not Stated,NS,2020,2020,85,Not Applicable,Not Applicable
Maryland,24,Hispanic or Latino,2135-2,2015,2015,908,572373,158.6
Maryland,24,Hispanic or Latino,2135-2,2016,2016,1043,586801,177.7
Maryland,24,Hispanic or Latino,2135-2,2017,2017,1111,614248,180.9
Maryland,24,Hispanic or Latino,2135-2,2018,2018,1158,628433,184.3
Maryland,24,Hispanic or Latino,2135-2,2019,2019,1269,643822,197.1
Maryland,24,Hispanic or Latino,2135-2,2020,2020,2108,654437,322.1
Maryland,24,Not Hispanic or Latino,2186-2,2015,2015,46241,5434028,851
Maryland,24,Not Hispanic or Latino,2186-2,2016,2016,47738,5429646,879.2
Maryland,24,Not Hispanic or Latino,2186-2,2017,2017,48771,5437929,896.9
Maryland,24,Not Hispanic or Latino,2186-2,2018,2018,49356,5414285,911.6
Maryland,24,Not Hispanic or Latino,2186-2,2019,2019,49462,5401858,915.6
Maryland,24,Not Hispanic or Latino,2186-2,2020,2020,57885,5401365,1071.7
Maryland,24,Not Stated,NS,2015,2015,98,Not Applicable,Not Applicable
Maryland,24,Not Stated,NS,2016,2016,43,Not Applicable,Not Applicable
Maryland,24,Not Stated,NS,2017,2017,44,Not Applicable,Not Applicable
Maryland,24,Not Stated,NS,2018,2018,54,Not Applicable,Not Applicable
Maryland,24,Not Stated,NS,2019,2019,69,Not Applicable,Not Applicable
Maryland,24,Not Stated,NS,2020,2020,79,Not Applicable,Not Applicable
Massachusetts,25,Hispanic or Latino,2135-2,2015,2015,1824,759194,240.3
Massachusetts,25,Hispanic or Latino,2135-2,2016,2016,2075,780661,265.8
Massachusetts,25,Hispanic or Latino,2135-2,2017,2017,2368,813359,291.1
Massachusetts,25,Hispanic or Latino,2135-2,2018,2018,2375,847223,280.3
Massachusetts,25,Hispanic or Latino,2135-2,2019,2019,2540,854907,297.1
Massachusetts,25,Hispanic or Latino,2135-2,2020,2020,3446,867425,397.3
Massachusetts,25,Not Hispanic or Latino,2186-2,2015,2015,54335,6035228,900.3
Massachusetts,25,Not Hispanic or Latino,2186-2,2016,2016,53727,6031118,890.8
Massachusetts,25,Not Hispanic or Latino,2186-2,2017,2017,55567,6046460,919
Massachusetts,25,Not Hispanic or Latino,2186-2,2018,2018,55980,6054926,924.5
Massachusetts,25,Not Hispanic or Latino,2186-2,2019,2019,55487,6037596,919
Massachusetts,25,Not Hispanic or Latino,2186-2,2020,2020,63972,6026149,1061.6
Massachusetts,25,Not Stated,NS,2015,2015,1647,Not Applicable,Not Applicable
Massachusetts,25,Not Stated,NS,2016,2016,1159,Not Applicable,Not Applicable
Massachusetts,25,Not Stated,NS,2017,2017,868,Not Applicable,Not Applicable
Massachusetts,25,Not Stated,NS,2018,2018,797,Not Applicable,Not Applicable
Massachusetts,25,Not Stated,NS,2019,2019,603,Not Applicable,Not Applicable
Massachusetts,25,Not Stated,NS,2020,2020,805,Not Applicable,Not Applicable
Michigan,26,Hispanic or Latino,2135-2,2015,2015,1624,485974,334.2
Michigan,26,Hispanic or Latino,2135-2,2016,2016,1723,492382,349.9
Michigan,26,Hispanic or Latino,2135-2,2017,2017,1686,504857,334
Michigan,26,Hispanic or Latino,2135-2,2018,2018,1713,519022,330
Michigan,26,Hispanic or Latino,2135-2,2019,2019,1750,528205,331.3
Michigan,26,Hispanic or Latino,2135-2,2020,2020,2371,542105,437.4
Michigan,26,Not Hispanic or Latino,2186-2,2015,2015,93231,9436602,988
Michigan,26,Not Hispanic or Latino,2186-2,2016,2016,94197,9435918,998.3
Michigan,26,Not Hispanic or Latino,2186-2,2017,2017,95588,9457454,1010.7
Michigan,26,Not Hispanic or Latino,2186-2,2018,2018,96818,9476893,1021.6
Michigan,26,Not Hispanic or Latino,2186-2,2019,2019,97036,9458652,1025.9
Michigan,26,Not Hispanic or Latino,2186-2,2020,2020,114211,9424450,1211.9
Michigan,26,Not Stated,NS,2015,2015,285,Not Applicable,Not Applicable
Michigan,26,Not Stated,NS,2016,2016,311,Not Applicable,Not Applicable
Michigan,26,Not Stated,NS,2017,2017,328,Not Applicable,Not Applicable
Michigan,26,Not Stated,NS,2018,2018,372,Not Applicable,Not Applicable
Michigan,26,Not Stated,NS,2019,2019,298,Not Applicable,Not Applicable
Michigan,26,Not Stated,NS,2020,2020,524,Not Applicable,Not Applicable
Minnesota,27,Hispanic or Latino,2135-2,2015,2015,454,284214,159.7
Minnesota,27,Hispanic or Latino,2135-2,2016,2016,490,289422,169.3
Minnesota,27,Hispanic or Latino,2135-2,2017,2017,492,301407,163.2
Minnesota,27,Hispanic or Latino,2135-2,2018,2018,471,309283,152.3
Minnesota,27,Hispanic or Latino,2135-2,2019,2019,520,315130,165
Minnesota,27,Hispanic or Latino,2135-2,2020,2020,783,321686,243.4
Minnesota,27,Not Hispanic or Latino,2186-2,2015,2015,42318,5205380,813
Minnesota,27,Not Hispanic or Latino,2186-2,2016,2016,42550,5230530,813.5
Minnesota,27,Not Hispanic or Latino,2186-2,2017,2017,43860,5275199,831.4
Minnesota,27,Not Hispanic or Latino,2186-2,2018,2018,44239,5301896,834.4
Minnesota,27,Not Hispanic or Latino,2186-2,2019,2019,44950,5324502,844.2
Minnesota,27,Not Hispanic or Latino,2186-2,2020,2020,51552,5335656,966.2
Minnesota,27,Not Stated,NS,2015,2015,28,Not Applicable,Not Applicable
Minnesota,27,Not Stated,NS,2016,2016,38,Not Applicable,Not Applicable
Minnesota,27,Not Stated,NS,2017,2017,19,Not Applicable,Not Applicable
Minnesota,27,Not Stated,NS,2018,2018,35,Not Applicable,Not Applicable
Minnesota,27,Not Stated,NS,2019,2019,44,Not Applicable,Not Applicable
Minnesota,27,Not Stated,NS,2020,2020,37,Not Applicable,Not Applicable
Mississippi,28,Hispanic or Latino,2135-2,2015,2015,120,91564,131.1
Mississippi,28,Hispanic or Latino,2135-2,2016,2016,126,91448,137.8
Mississippi,28,Hispanic or Latino,2135-2,2017,2017,128,94385,135.6
Mississippi,28,Hispanic or Latino,2135-2,2018,2018,149,100168,148.8
Mississippi,28,Hispanic or Latino,2135-2,2019,2019,211,100110,210.8
Mississippi,28,Hispanic or Latino,2135-2,2020,2020,305,99990,305
Mississippi,28,Not Hispanic or Latino,2186-2,2015,2015,31654,2900769,1091.2
Mississippi,28,Not Hispanic or Latino,2186-2,2016,2016,31605,2897278,1090.9
Mississippi,28,Not Hispanic or Latino,2186-2,2017,2017,32124,2889715,1111.7
Mississippi,28,Not Hispanic or Latino,2186-2,2018,2018,32146,2886362,1113.7
Mississippi,28,Not Hispanic or Latino,2186-2,2019,2019,32737,2876039,1138.3
Mississippi,28,Not Hispanic or Latino,2186-2,2020,2020,39862,2866796,1390.5
Mississippi,28,Not Stated,NS,2016,2016,10,Not Applicable,Not Applicable
Mississippi,28,Not Stated,NS,2017,2017,28,Not Applicable,Not Applicable
Mississippi,28,Not Stated,NS,2019,2019,16,Not Applicable,Not Applicable
Mississippi,28,Not Stated,NS,2020,2020,23,Not Applicable,Not Applicable
Missouri,29,Hispanic or Latino,2135-2,2015,2015,534,247567,215.7
Missouri,29,Hispanic or Latino,2135-2,2016,2016,500,250476,199.6
Missouri,29,Hispanic or Latino,2135-2,2017,2017,578,259154,223
Missouri,29,Hispanic or Latino,2135-2,2018,2018,624,263265,237
Missouri,29,Hispanic or Latino,2135-2,2019,2019,601,268708,223.7
Missouri,29,Hispanic or Latino,2135-2,2020,2020,890,276072,322.4
Missouri,29,Not Hispanic or Latino,2186-2,2015,2015,59261,5836105,1015.4
Missouri,29,Not Hispanic or Latino,2186-2,2016,2016,59296,5842524,1014.9
Missouri,29,Not Hispanic or Latino,2186-2,2017,2017,61242,5854378,1046.1
Missouri,29,Not Hispanic or Latino,2186-2,2018,2018,62415,5863187,1064.5
Missouri,29,Not Hispanic or Latino,2186-2,2019,2019,61681,5868720,1051
Missouri,29,Not Hispanic or Latino,2186-2,2020,2020,72914,5875476,1241
Missouri,29,Not Stated,NS,2015,2015,76,Not Applicable,Not Applicable
Missouri,29,Not Stated,NS,2016,2016,77,Not Applicable,Not Applicable
Missouri,29,Not Stated,NS,2017,2017,56,Not Applicable,Not Applicable
Missouri,29,Not Stated,NS,2018,2018,78,Not Applicable,Not Applicable
Missouri,29,Not Stated,NS,2019,2019,119,Not Applicable,Not Applicable
Missouri,29,Not Stated,NS,2020,2020,83,Not Applicable,Not Applicable
Montana,30,Hispanic or Latino,2135-2,2015,2015,126,37201,338.7
Montana,30,Hispanic or Latino,2135-2,2016,2016,125,37840,330.3
Montana,30,Hispanic or Latino,2135-2,2017,2017,124,39633,312.9
Montana,30,Hispanic or Latino,2135-2,2018,2018,119,42503,280
Montana,30,Hispanic or Latino,2135-2,2019,2019,126,43289,291.1
Montana,30,Hispanic or Latino,2135-2,2020,2020,166,44960,369.2
Montana,30,Not Hispanic or Latino,2186-2,2015,2015,9672,995748,971.3
Montana,30,Not Hispanic or Latino,2186-2,2016,2016,9755,1004680,971
Montana,30,Not Hispanic or Latino,2186-2,2017,2017,10061,1010860,995.3
Montana,30,Not Hispanic or Latino,2186-2,2018,2018,9871,1019802,967.9
Montana,30,Not Hispanic or Latino,2186-2,2019,2019,10270,1025489,1001.5
Montana,30,Not Hispanic or Latino,2186-2,2020,2020,11856,1035617,1144.8
Montana,30,Not Stated,NS,2015,2015,144,Not Applicable,Not Applicable
Montana,30,Not Stated,NS,2016,2016,25,Not Applicable,Not Applicable
Montana,30,Not Stated,NS,2017,2017,15,Not Applicable,Not Applicable
Nebraska,31,Hispanic or Latino,2135-2,2015,2015,377,197416,191
Nebraska,31,Hispanic or Latino,2135-2,2016,2016,380,203320,186.9
Nebraska,31,Hispanic or Latino,2135-2,2017,2017,395,210911,187.3
Nebraska,31,Hispanic or Latino,2135-2,2018,2018,392,215872,181.6
Nebraska,31,Hispanic or Latino,2135-2,2019,2019,441,219645,200.8
Nebraska,31,Hispanic or Latino,2135-2,2020,2020,651,225592,288.6
Nebraska,31,Not Hispanic or Latino,2186-2,2015,2015,16358,1698774,962.9
Nebraska,31,Not Hispanic or Latino,2186-2,2016,2016,15831,1703796,929.2
Nebraska,31,Not Hispanic or Latino,2186-2,2017,2017,16475,1709165,963.9
Nebraska,31,Not Hispanic or Latino,2186-2,2018,2018,16491,1713396,962.5
Nebraska,31,Not Hispanic or Latino,2186-2,2019,2019,16528,1714763,963.9
Nebraska,31,Not Hispanic or Latino,2186-2,2020,2020,18896,1711960,1103.8
Nebraska,31,Not Stated,NS,2018,2018,21,Not Applicable,Not Applicable
Nevada,32,Hispanic or Latino,2135-2,2015,2015,1961,813391,241.1
Nevada,32,Hispanic or Latino,2135-2,2016,2016,2060,836626,246.2
Nevada,32,Hispanic or Latino,2135-2,2017,2017,2185,864665,252.7
Nevada,32,Hispanic or Latino,2135-2,2018,2018,2199,881148,249.6
Nevada,32,Hispanic or Latino,2135-2,2019,2019,2382,900600,264.5
Nevada,32,Hispanic or Latino,2135-2,2020,2020,3670,924674,396.9
Nevada,32,Not Hispanic or Latino,2186-2,2015,2015,20914,2077454,1006.7
Nevada,32,Not Hispanic or Latino,2186-2,2016,2016,21838,2103432,1038.2
Nevada,32,Not Hispanic or Latino,2186-2,2017,2017,22471,2133374,1053.3
Nevada,32,Not Hispanic or Latino,2186-2,2018,2018,22515,2153244,1045.6
Nevada,32,Not Hispanic or Latino,2186-2,2019,2019,23201,2179556,1064.5
Nevada,32,Not Hispanic or Latino,2186-2,2020,2020,26947,2213585,1217.3
New Hampshire,33,Hispanic or Latino,2135-2,2015,2015,68,45619,149.1
New Hampshire,33,Hispanic or Latino,2135-2,2016,2016,82,47118,174
New Hampshire,33,Hispanic or Latino,2135-2,2017,2017,83,49567,167.5
New Hampshire,33,Hispanic or Latino,2135-2,2018,2018,100,52663,189.9
New Hampshire,33,Hispanic or Latino,2135-2,2019,2019,114,54589,208.8
New Hampshire,33,Hispanic or Latino,2135-2,2020,2020,127,57467,221
New Hampshire,33,Not Hispanic or Latino,2186-2,2015,2015,11905,1284989,926.5
New Hampshire,33,Not Hispanic or Latino,2186-2,2016,2016,12103,1287677,939.9
New Hampshire,33,Not Hispanic or Latino,2186-2,2017,2017,12408,1293228,959.5
New Hampshire,33,Not Hispanic or Latino,2186-2,2018,2018,12649,1303795,970.2
New Hampshire,33,Not Hispanic or Latino,2186-2,2019,2019,12605,1305122,965.8
New Hampshire,33,Not Hispanic or Latino,2186-2,2020,2020,13536,1308808,1034.2
New Hampshire,33,Not Stated,NS,2015,2015,11,Not Applicable,Not Applicable
New Hampshire,33,Not Stated,NS,2016,2016,18,Not Applicable,Not Applicable
New Hampshire,33,Not Stated,NS,2017,2017,13,Not Applicable,Not Applicable
New Hampshire,33,Not Stated,NS,2018,2018,25,Not Applicable,Not Applicable
New Hampshire,33,Not Stated,NS,2019,2019,25,Not Applicable,Not Applicable
New Hampshire,33,Not Stated,NS,2020,2020,37,Not Applicable,Not Applicable
New Jersey,34,Hispanic or Latino,2135-2,2015,2015,5108,1762181,289.9
New Jersey,34,Hispanic or Latino,2135-2,2016,2016,5406,1786668,302.6
New Jersey,34,Hispanic or Latino,2135-2,2017,2017,5765,1840433,313.2
New Jersey,34,Hispanic or Latino,2135-2,2018,2018,6084,1839359,330.8
New Jersey,34,Hispanic or Latino,2135-2,2019,2019,6165,1856844,332
New Jersey,34,Hispanic or Latino,2135-2,2020,2020,10952,1874656,584.2
New Jersey,34,Not Hispanic or Latino,2186-2,2015,2015,67138,7195832,933
New Jersey,34,Not Hispanic or Latino,2186-2,2016,2016,67718,7157801,946.1
New Jersey,34,Not Hispanic or Latino,2186-2,2017,2017,69047,7165211,963.6
New Jersey,34,Not Hispanic or Latino,2186-2,2018,2018,69668,7069161,985.5
New Jersey,34,Not Hispanic or Latino,2186-2,2019,2019,68829,7025346,979.7
New Jersey,34,Not Hispanic or Latino,2186-2,2020,2020,85032,7007715,1213.4
New Jersey,34,Not Stated,NS,2015,2015,25,Not Applicable,Not Applicable
New Jersey,34,Not Stated,NS,2016,2016,31,Not Applicable,Not Applicable
New Jersey,34,Not Stated,NS,2017,2017,34,Not Applicable,Not Applicable
New Jersey,34,Not Stated,NS,2018,2018,13,Not Applicable,Not Applicable
New Jersey,34,Not Stated,NS,2019,2019,16,Not Applicable,Not Applicable
New Jersey,34,Not Stated,NS,2020,2020,19,Not Applicable,Not Applicable
New Mexico,35,Hispanic or Latino,2135-2,2015,2015,6079,1001258,607.1
New Mexico,35,Hispanic or Latino,2135-2,2016,2016,6462,1009873,639.9
New Mexico,35,Hispanic or Latino,2135-2,2017,2017,6577,1018349,645.8
New Mexico,35,Hispanic or Latino,2135-2,2018,2018,6605,1029233,641.7
New Mexico,35,Hispanic or Latino,2135-2,2019,2019,7034,1032942,681
New Mexico,35,Hispanic or Latino,2135-2,2020,2020,8920,1046092,852.7
New Mexico,35,Not Hispanic or Latino,2186-2,2015,2015,11531,1083851,1063.9
New Mexico,35,Not Hispanic or Latino,2186-2,2016,2016,11833,1071142,1104.7
New Mexico,35,Not Hispanic or Latino,2186-2,2017,2017,12026,1069721,1124.2
New Mexico,35,Not Hispanic or Latino,2186-2,2018,2018,12327,1066195,1156.2
New Mexico,35,Not Hispanic or Latino,2186-2,2019,2019,12383,1063887,1163.9
New Mexico,35,Not Hispanic or Latino,2186-2,2020,2020,14789,1060227,1394.9
New Mexico,35,Not Stated,NS,2015,2015,75,Not Applicable,Not Applicable
New Mexico,35,Not Stated,NS,2016,2016,70,Not Applicable,Not Applicable
New Mexico,35,Not Stated,NS,2017,2017,70,Not Applicable,Not Applicable
New Mexico,35,Not Stated,NS,2018,2018,75,Not Applicable,Not Applicable
New Mexico,35,Not Stated,NS,2019,2019,95,Not Applicable,Not Applicable
New Mexico,35,Not Stated,NS,2020,2020,98,Not Applicable,Not Applicable
New York,36,Hispanic or Latino,2135-2,2015,2015,13006,3726804,349
New York,36,Hispanic or Latino,2135-2,2016,2016,13642,3747125,364.1
New York,36,Hispanic or Latino,2135-2,2017,2017,13999,3811945,367.2
New York,36,Hispanic or Latino,2135-2,2018,2018,14631,3754130,389.7
New York,36,Hispanic or Latino,2135-2,2019,2019,15101,3751058,402.6
New York,36,Hispanic or Latino,2135-2,2020,2020,25943,3738921,693.9
New York,36,Not Hispanic or Latino,2186-2,2015,2015,138288,16068987,860.6
New York,36,Not Hispanic or Latino,2186-2,2016,2016,138551,15998164,866
New York,36,Not Hispanic or Latino,2186-2,2017,2017,139090,16037454,867.3
New York,36,Not Hispanic or Latino,2186-2,2018,2018,140381,15788079,889.2
New York,36,Not Hispanic or Latino,2186-2,2019,2019,139538,15702503,888.6
New York,36,Not Hispanic or Latino,2186-2,2020,2020,174449,15597855,1118.4
New York,36,Not Stated,NS,2015,2015,2334,Not Applicable,Not Applicable
New York,36,Not Stated,NS,2016,2016,2165,Not Applicable,Not Applicable
New York,36,Not Stated,NS,2017,2017,2269,Not Applicable,Not Applicable
New York,36,Not Stated,NS,2018,2018,2171,Not Applicable,Not Applicable
New York,36,Not Stated,NS,2019,2019,1736,Not Applicable,Not Applicable
New York,36,Not Stated,NS,2020,2020,2949,Not Applicable,Not Applicable
North Carolina,37,Hispanic or Latino,2135-2,2015,2015,1223,916742,133.4
North Carolina,37,Hispanic or Latino,2135-2,2016,2016,1366,932221,146.5
North Carolina,37,Hispanic or Latino,2135-2,2017,2017,1449,972288,149
North Carolina,37,Hispanic or Latino,2135-2,2018,2018,1577,997349,158.1
North Carolina,37,Hispanic or Latino,2135-2,2019,2019,1740,1025830,169.6
North Carolina,37,Hispanic or Latino,2135-2,2020,2020,2563,1052435,243.5
North Carolina,37,Not Hispanic or Latino,2186-2,2015,2015,87656,9126060,960.5
North Carolina,37,Not Hispanic or Latino,2186-2,2016,2016,88816,9214567,963.9
North Carolina,37,Not Hispanic or Latino,2186-2,2017,2017,91508,9301131,983.8
North Carolina,37,Not Hispanic or Latino,2186-2,2018,2018,92149,9386271,981.7
North Carolina,37,Not Hispanic or Latino,2186-2,2019,2019,94051,9462254,994
North Carolina,37,Not Hispanic or Latino,2186-2,2020,2020,106790,9548388,1118.4
North Carolina,37,Not Stated,NS,2015,2015,254,Not Applicable,Not Applicable
North Carolina,37,Not Stated,NS,2016,2016,283,Not Applicable,Not Applicable
North Carolina,37,Not Stated,NS,2017,2017,200,Not Applicable,Not Applicable
North Carolina,37,Not Stated,NS,2018,2018,159,Not Applicable,Not Applicable
North Carolina,37,Not Stated,NS,2019,2019,90,Not Applicable,Not Applicable
North Carolina,37,Not Stated,NS,2020,2020,96,Not Applicable,Not Applicable
North Dakota,38,Hispanic or Latino,2135-2,2015,2015,50,26814,186.5
North Dakota,38,Hispanic or Latino,2135-2,2016,2016,43,27538,156.1
North Dakota,38,Hispanic or Latino,2135-2,2017,2017,66,28006,235.7
North Dakota,38,Hispanic or Latino,2135-2,2018,2018,53,29529,179.5
North Dakota,38,Hispanic or Latino,2135-2,2019,2019,69,31532,218.8
North Dakota,38,Hispanic or Latino,2135-2,2020,2020,87,33257,261.6
North Dakota,38,Not Hispanic or Latino,2186-2,2015,2015,6161,730113,843.8
North Dakota,38,Not Hispanic or Latino,2186-2,2016,2016,6183,730414,846.5
North Dakota,38,Not Hispanic or Latino,2186-2,2017,2017,6331,727387,870.4
North Dakota,38,Not Hispanic or Latino,2186-2,2018,2018,6367,730548,871.5
North Dakota,38,Not Hispanic or Latino,2186-2,2019,2019,6619,730530,906.1
North Dakota,38,Not Hispanic or Latino,2186-2,2020,2020,7948,732052,1085.7
North Dakota,38,Not Stated,NS,2015,2015,12,Not Applicable,Not Applicable
North Dakota,38,Not Stated,NS,2016,2016,16,Not Applicable,Not Applicable
North Dakota,38,Not Stated,NS,2017,2017,18,Not Applicable,Not Applicable
North Dakota,38,Not Stated,NS,2018,2018,25,Not Applicable,Not Applicable
North Dakota,38,Not Stated,NS,2019,2019,14,Not Applicable,Not Applicable
North Dakota,38,Not Stated,NS,2020,2020,17,Not Applicable,Not Applicable
Ohio,39,Hispanic or Latino,2135-2,2015,2015,1019,414641,245.8
Ohio,39,Hispanic or Latino,2135-2,2016,2016,1055,424625,248.5
Ohio,39,Hispanic or Latino,2135-2,2017,2017,1179,440886,267.4
Ohio,39,Hispanic or Latino,2135-2,2018,2018,1234,460877,267.8
Ohio,39,Hispanic or Latino,2135-2,2019,2019,1290,470462,274.2
Ohio,39,Hispanic or Latino,2135-2,2020,2020,1687,488084,345.6
Ohio,39,Not Hispanic or Latino,2186-2,2015,2015,116982,11198782,1044.6
Ohio,39,Not Hispanic or Latino,2186-2,2016,2016,118483,11189748,1058.9
Ohio,39,Not Hispanic or Latino,2186-2,2017,2017,122457,11217723,1091.6
Ohio,39,Not Hispanic or Latino,2186-2,2018,2018,123004,11228565,1095.5
Ohio,39,Not Hispanic or Latino,2186-2,2019,2019,122365,11218638,1090.7
Ohio,39,Not Hispanic or Latino,2186-2,2020,2020,141980,11205133,1267.1
Ohio,39,Not Stated,NS,2015,2015,187,Not Applicable,Not Applicable
Ohio,39,Not Stated,NS,2016,2016,34,Not Applicable,Not Applicable
Ohio,39,Not Stated,NS,2017,2017,12,Not Applicable,Not Applicable
Ohio,39,Not Stated,NS,2018,2018,26,Not Applicable,Not Applicable
Ohio,39,Not Stated,NS,2019,2019,62,Not Applicable,Not Applicable
Ohio,39,Not Stated,NS,2020,2020,33,Not Applicable,Not Applicable
Oklahoma,40,Hispanic or Latino,2135-2,2015,2015,844,396459,212.9
Oklahoma,40,Hispanic or Latino,2135-2,2016,2016,894,403938,221.3
Oklahoma,40,Hispanic or Latino,2135-2,2017,2017,936,417710,224.1
Oklahoma,40,Hispanic or Latino,2135-2,2018,2018,1026,429078,239.1
Oklahoma,40,Hispanic or Latino,2135-2,2019,2019,1054,438110,240.6
Oklahoma,40,Hispanic or Latino,2135-2,2020,2020,1485,452487,328.2
Oklahoma,40,Not Hispanic or Latino,2186-2,2015,2015,38520,3514879,1095.9
Oklahoma,40,Not Hispanic or Latino,2186-2,2016,2016,38343,3519623,1089.4
Oklahoma,40,Not Hispanic or Latino,2186-2,2017,2017,39474,3513154,1123.6
Oklahoma,40,Not Hispanic or Latino,2186-2,2018,2018,39867,3514001,1134.5
Oklahoma,40,Not Hispanic or Latino,2186-2,2019,2019,39823,3518861,1131.7
Oklahoma,40,Not Hispanic or Latino,2186-2,2020,2020,46272,3528296,1311.5
Oklahoma,40,Not Stated,NS,2015,2015,58,Not Applicable,Not Applicable
Oklahoma,40,Not Stated,NS,2016,2016,39,Not Applicable,Not Applicable
Oklahoma,40,Not Stated,NS,2017,2017,42,Not Applicable,Not Applicable
Oklahoma,40,Not Stated,NS,2018,2018,40,Not Applicable,Not Applicable
Oklahoma,40,Not Stated,NS,2019,2019,53,Not Applicable,Not Applicable
Oklahoma,40,Not Stated,NS,2020,2020,52,Not Applicable,Not Applicable
Oregon,41,Hispanic or Latino,2135-2,2015,2015,893,511901,174.4
Oregon,41,Hispanic or Latino,2135-2,2016,2016,1021,522571,195.4
Oregon,41,Hispanic or Latino,2135-2,2017,2017,1074,540923,198.5
Oregon,41,Hispanic or Latino,2135-2,2018,2018,1095,556396,196.8
Oregon,41,Hispanic or Latino,2135-2,2019,2019,1135,566847,200.2
Oregon,41,Hispanic or Latino,2135-2,2020,2020,1497,579836,258.2
Oregon,41,Not Hispanic or Latino,2186-2,2015,2015,34735,3517076,987.6
Oregon,41,Not Hispanic or Latino,2186-2,2016,2016,34663,3570894,970.7
Oregon,41,Not Hispanic or Latino,2186-2,2017,2017,35465,3601853,984.6
Oregon,41,Not Hispanic or Latino,2186-2,2018,2018,34989,3634317,962.7
Oregon,41,Not Hispanic or Latino,2186-2,2019,2019,36115,3650890,989.2
Oregon,41,Not Hispanic or Latino,2186-2,2020,2020,38597,3661671,1054.1
Oregon,41,Not Stated,NS,2015,2015,77,Not Applicable,Not Applicable
Oregon,41,Not Stated,NS,2016,2016,94,Not Applicable,Not Applicable
Oregon,41,Not Stated,NS,2017,2017,85,Not Applicable,Not Applicable
Oregon,41,Not Stated,NS,2018,2018,103,Not Applicable,Not Applicable
Oregon,41,Not Stated,NS,2019,2019,120,Not Applicable,Not Applicable
Oregon,41,Not Stated,NS,2020,2020,126,Not Applicable,Not Applicable
Pennsylvania,42,Hispanic or Latino,2135-2,2015,2015,2418,872386,277.2
Pennsylvania,42,Hispanic or Latino,2135-2,2016,2016,2596,900814,288.2
Pennsylvania,42,Hispanic or Latino,2135-2,2017,2017,2838,940635,301.7
Pennsylvania,42,Hispanic or Latino,2135-2,2018,2018,3114,976143,319
Pennsylvania,42,Hispanic or Latino,2135-2,2019,2019,3071,1000150,307.1
Pennsylvania,42,Hispanic or Latino,2135-2,2020,2020,4314,1032627,417.8
Pennsylvania,42,Not Hispanic or Latino,2186-2,2015,2015,129145,11930117,1082.5
Pennsylvania,42,Not Hispanic or Latino,2186-2,2016,2016,129637,11883413,1090.9
Pennsylvania,42,Not Hispanic or Latino,2186-2,2017,2017,132174,11864902,1114
Pennsylvania,42,Not Hispanic or Latino,2186-2,2018,2018,131271,11830917,1109.6
Pennsylvania,42,Not Hispanic or Latino,2186-2,2019,2019,130646,11801839,1107
Pennsylvania,42,Not Hispanic or Latino,2186-2,2020,2020,151026,11750627,1285.3
Pennsylvania,42,Not Stated,NS,2015,2015,1035,Not Applicable,Not Applicable
Pennsylvania,42,Not Stated,NS,2016,2016,807,Not Applicable,Not Applicable
Pennsylvania,42,Not Stated,NS,2017,2017,644,Not Applicable,Not Applicable
Pennsylvania,42,Not Stated,NS,2018,2018,317,Not Applicable,Not Applicable
Pennsylvania,42,Not Stated,NS,2019,2019,266,Not Applicable,Not Applicable
Pennsylvania,42,Not Stated,NS,2020,2020,206,Not Applicable,Not Applicable
Rhode Island,44,Hispanic or Latino,2135-2,2015,2015,337,152084,221.6
Rhode Island,44,Hispanic or Latino,2135-2,2016,2016,336,157352,213.5
Rhode Island,44,Hispanic or Latino,2135-2,2017,2017,320,164004,195.1
Rhode Island,44,Hispanic or Latino,2135-2,2018,2018,328,168342,194.8
Rhode Island,44,Hispanic or Latino,2135-2,2019,2019,417,172644,241.5
Rhode Island,44,Hispanic or Latino,2135-2,2020,2020,555,176471,314.5
Rhode Island,44,Not Hispanic or Latino,2186-2,2015,2015,9793,904214,1083
Rhode Island,44,Not Hispanic or Latino,2186-2,2016,2016,9369,899074,1042.1
Rhode Island,44,Not Hispanic or Latino,2186-2,2017,2017,9818,895635,1096.2
Rhode Island,44,Not Hispanic or Latino,2186-2,2018,2018,9736,888973,1095.2
Rhode Island,44,Not Hispanic or Latino,2186-2,2019,2019,9815,886717,1106.9
Rhode Island,44,Not Hispanic or Latino,2186-2,2020,2020,11225,880654,1274.6
Rhode Island,44,Not Stated,NS,2015,2015,33,Not Applicable,Not Applicable
Rhode Island,44,Not Stated,NS,2016,2016,30,Not Applicable,Not Applicable
Rhode Island,44,Not Stated,NS,2017,2017,19,Not Applicable,Not Applicable
Rhode Island,44,Not Stated,NS,2018,2018,19,Not Applicable,Not Applicable
Rhode Island,44,Not Stated,NS,2019,2019,24,Not Applicable,Not Applicable
Rhode Island,44,Not Stated,NS,2020,2020,39,Not Applicable,Not Applicable
South Carolina,45,Hispanic or Latino,2135-2,2015,2015,443,268352,165.1
South Carolina,45,Hispanic or Latino,2135-2,2016,2016,453,274596,165
South Carolina,45,Hispanic or Latino,2135-2,2017,2017,517,286382,180.5
South Carolina,45,Hispanic or Latino,2135-2,2018,2018,566,296046,191.2
South Carolina,45,Hispanic or Latino,2135-2,2019,2019,612,307118,199.3
South Carolina,45,Hispanic or Latino,2135-2,2020,2020,891,320061,278.4
South Carolina,45,Not Hispanic or Latino,2186-2,2015,2015,46740,4627794,1010
South Carolina,45,Not Hispanic or Latino,2186-2,2016,2016,47662,4686523,1017
South Carolina,45,Not Hispanic or Latino,2186-2,2017,2017,48914,4737987,1032.4
South Carolina,45,Not Hispanic or Latino,2186-2,2018,2018,50071,4788081,1045.7
South Carolina,45,Not Hispanic or Latino,2186-2,2019,2019,50349,4841596,1039.9
South Carolina,45,Not Hispanic or Latino,2186-2,2020,2020,60324,4897979,1231.6
South Carolina,45,Not Stated,NS,2015,2015,15,Not Applicable,Not Applicable
South Carolina,45,Not Stated,NS,2016,2016,15,Not Applicable,Not Applicable
South Carolina,45,Not Stated,NS,2017,2017,10,Not Applicable,Not Applicable
South Dakota,46,Hispanic or Latino,2135-2,2015,2015,48,31214,153.8
South Dakota,46,Hispanic or Latino,2135-2,2016,2016,58,32169,180.3
South Dakota,46,Hispanic or Latino,2135-2,2017,2017,57,32811,173.7
South Dakota,46,Hispanic or Latino,2135-2,2018,2018,52,36402,142.8
South Dakota,46,Hispanic or Latino,2135-2,2019,2019,57,37351,152.6
South Dakota,46,Hispanic or Latino,2135-2,2020,2020,92,39604,232.3
South Dakota,46,Not Hispanic or Latino,2186-2,2015,2015,7679,827255,928.3
South Dakota,46,Not Hispanic or Latino,2186-2,2016,2016,7784,833285,934.1
South Dakota,46,Not Hispanic or Latino,2186-2,2017,2017,7936,836855,948.3
South Dakota,46,Not Hispanic or Latino,2186-2,2018,2018,7914,845833,935.6
South Dakota,46,Not Hispanic or Latino,2186-2,2019,2019,8210,847308,969
South Dakota,46,Not Hispanic or Latino,2186-2,2020,2020,9768,853113,1145
Tennessee,47,Hispanic or Latino,2135-2,2015,2015,514,340508,151
Tennessee,47,Hispanic or Latino,2135-2,2016,2016,563,348725,161.4
Tennessee,47,Hispanic or Latino,2135-2,2017,2017,637,366554,173.8
Tennessee,47,Hispanic or Latino,2135-2,2018,2018,658,380772,172.8
Tennessee,47,Hispanic or Latino,2135-2,2019,2019,754,391382,192.7
Tennessee,47,Hispanic or Latino,2135-2,2020,2020,1153,404410,285.1
Tennessee,47,Not Hispanic or Latino,2186-2,2015,2015,65900,6259791,1052.8
Tennessee,47,Not Hispanic or Latino,2186-2,2016,2016,67171,6302469,1065.8
Tennessee,47,Not Hispanic or Latino,2186-2,2017,2017,69352,6349430,1092.3
Tennessee,47,Not Hispanic or Latino,2186-2,2018,2018,70309,6389238,1100.4
Tennessee,47,Not Hispanic or Latino,2186-2,2019,2019,71104,6437792,1104.5
Tennessee,47,Not Hispanic or Latino,2186-2,2020,2020,82982,6482424,1280.1
Tennessee,47,Not Stated,NS,2015,2015,156,Not Applicable,Not Applicable
Tennessee,47,Not Stated,NS,2016,2016,123,Not Applicable,Not Applicable
Tennessee,47,Not Stated,NS,2017,2017,107,Not Applicable,Not Applicable
Tennessee,47,Not Stated,NS,2018,2018,111,Not Applicable,Not Applicable
Tennessee,47,Not Stated,NS,2019,2019,77,Not Applicable,Not Applicable
Tennessee,47,Not Stated,NS,2020,2020,70,Not Applicable,Not Applicable
Texas,48,Hispanic or Latino,2135-2,2015,2015,39648,10670101,371.6
Texas,48,Hispanic or Latino,2135-2,2016,2016,40331,10881124,370.7
Texas,48,Hispanic or Latino,2135-2,2017,2017,42156,11156514,377.9
Texas,48,Hispanic or Latino,2135-2,2018,2018,43736,11368849,384.7
Texas,48,Hispanic or Latino,2135-2,2019,2019,44937,11525578,389.9
Texas,48,Hispanic or Latino,2135-2,2020,2020,65587,11691857,561
Texas,48,Not Hispanic or Latino,2186-2,2015,2015,149401,16799013,889.3
Texas,48,Not Hispanic or Latino,2186-2,2016,2016,151104,16981472,889.8
Texas,48,Not Hispanic or Latino,2186-2,2017,2017,155482,17148082,906.7
Texas,48,Not Hispanic or Latino,2186-2,2018,2018,157962,17332996,911.3
Texas,48,Not Hispanic or Latino,2186-2,2019,2019,158107,17470303,905
Texas,48,Not Hispanic or Latino,2186-2,2020,2020,184549,17668902,1044.5
Texas,48,Not Stated,NS,2015,2015,605,Not Applicable,Not Applicable
Texas,48,Not Stated,NS,2016,2016,531,Not Applicable,Not Applicable
Texas,48,Not Stated,NS,2017,2017,468,Not Applicable,Not Applicable
Texas,48,Not Stated,NS,2018,2018,513,Not Applicable,Not Applicable
Texas,48,Not Stated,NS,2019,2019,318,Not Applicable,Not Applicable
Texas,48,Not Stated,NS,2020,2020,203,Not Applicable,Not Applicable
Utah,49,Hispanic or Latino,2135-2,2015,2015,909,411143,221.1
Utah,49,Hispanic or Latino,2135-2,2016,2016,1013,420440,240.9
Utah,49,Hispanic or Latino,2135-2,2017,2017,1025,434288,236
Utah,49,Hispanic or Latino,2135-2,2018,2018,1060,450218,235.4
Utah,49,Hispanic or Latino,2135-2,2019,2019,1113,462051,240.9
Utah,49,Hispanic or Latino,2135-2,2020,2020,1528,471647,324
Utah,49,Not Hispanic or Latino,2186-2,2015,2015,16424,2584776,635.4
Utah,49,Not Hispanic or Latino,2186-2,2016,2016,16899,2630777,642.4
Utah,49,Not Hispanic or Latino,2186-2,2017,2017,17009,2667545,637.6
Utah,49,Not Hispanic or Latino,2186-2,2018,2018,17293,2710887,637.9
Utah,49,Not Hispanic or Latino,2186-2,2019,2019,17623,2743907,642.3
Utah,49,Not Hispanic or Latino,2186-2,2020,2020,19968,2778232,718.7
Vermont,50,Hispanic or Latino,2135-2,2015,2015,25,11525,216.9
Vermont,50,Hispanic or Latino,2135-2,2016,2016,25,11651,214.6
Vermont,50,Hispanic or Latino,2135-2,2017,2017,26,12060,215.6
Vermont,50,Hispanic or Latino,2135-2,2018,2018,18,12534,Unreliable
Vermont,50,Hispanic or Latino,2135-2,2019,2019,32,12719,251.6
Vermont,50,Hispanic or Latino,2135-2,2020,2020,35,13318,262.8
Vermont,50,Not Hispanic or Latino,2186-2,2015,2015,5884,614517,957.5
Vermont,50,Not Hispanic or Latino,2186-2,2016,2016,5873,612943,958.2
Vermont,50,Not Hispanic or Latino,2186-2,2017,2017,5962,611597,974.8
Vermont,50,Not Hispanic or Latino,2186-2,2018,2018,5998,613765,977.2
Vermont,50,Not Hispanic or Latino,2186-2,2019,2019,5914,611270,967.5
Vermont,50,Not Hispanic or Latino,2186-2,2020,2020,6421,610029,1052.6
Vermont,50,Not Stated,NS,2015,2015,10,Not Applicable,Not Applicable
Vermont,50,Not Stated,NS,2016,2016,11,Not Applicable,Not Applicable
Vermont,50,Not Stated,NS,2017,2017,19,Not Applicable,Not Applicable
Vermont,50,Not Stated,NS,2018,2018,11,Not Applicable,Not Applicable
Vermont,50,Not Stated,NS,2019,2019,10,Not Applicable,Not Applicable
Virginia,51,Hispanic or Latino,2135-2,2015,2015,1157,754737,153.3
Virginia,51,Hispanic or Latino,2135-2,2016,2016,1221,766004,159.4
Virginia,51,Hispanic or Latino,2135-2,2017,2017,1287,795323,161.8
Virginia,51,Hispanic or Latino,2135-2,2018,2018,1430,820874,174.2
Virginia,51,Hispanic or Latino,2135-2,2019,2019,1540,834422,184.6
Virginia,51,Hispanic or Latino,2135-2,2020,2020,2260,855301,264.2
Virginia,51,Not Hispanic or Latino,2186-2,2015,2015,63857,7628256,837.1
Virginia,51,Not Hispanic or Latino,2186-2,2016,2016,65004,7645804,850.2
Virginia,51,Not Hispanic or Latino,2186-2,2017,2017,67030,7674697,873.4
Virginia,51,Not Hispanic or Latino,2186-2,2018,2018,67662,7696811,879.1
Virginia,51,Not Hispanic or Latino,2186-2,2019,2019,68569,7701097,890.4
Virginia,51,Not Hispanic or Latino,2186-2,2020,2020,78091,7735262,1009.5
Virginia,51,Not Stated,NS,2015,2015,563,Not Applicable,Not Applicable
Virginia,51,Not Stated,NS,2016,2016,248,Not Applicable,Not Applicable
Virginia,51,Not Stated,NS,2017,2017,262,Not Applicable,Not Applicable
Virginia,51,Not Stated,NS,2018,2018,267,Not Applicable,Not Applicable
Virginia,51,Not Stated,NS,2019,2019,216,Not Applicable,Not Applicable
Virginia,51,Not Stated,NS,2020,2020,245,Not Applicable,Not Applicable
Washington,53,Hispanic or Latino,2135-2,2015,2015,1658,886418,187
Washington,53,Hispanic or Latino,2135-2,2016,2016,1769,907000,195
Washington,53,Hispanic or Latino,2135-2,2017,2017,1928,940792,204.9
Washington,53,Hispanic or Latino,2135-2,2018,2018,2049,970358,211.2
Washington,53,Hispanic or Latino,2135-2,2019,2019,2121,991721,213.9
Washington,53,Hispanic or Latino,2135-2,2020,2020,2868,1027545,279.1
Washington,53,Not Hispanic or Latino,2186-2,2015,2015,52851,6283933,841
Washington,53,Not Hispanic or Latino,2186-2,2016,2016,52904,6381000,829.1
Washington,53,Not Hispanic or Latino,2186-2,2017,2017,55015,6464951,851
Washington,53,Not Hispanic or Latino,2186-2,2018,2018,54779,6565233,834.4
Washington,53,Not Hispanic or Latino,2186-2,2019,2019,56110,6623172,847.2
Washington,53,Not Hispanic or Latino,2186-2,2020,2020,60247,6666067,903.8
Washington,53,Not Stated,NS,2015,2015,86,Not Applicable,Not Applicable
Washington,53,Not Stated,NS,2016,2016,96,Not Applicable,Not Applicable
Washington,53,Not Stated,NS,2017,2017,52,Not Applicable,Not Applicable
Washington,53,Not Stated,NS,2018,2018,49,Not Applicable,Not Applicable
Washington,53,Not Stated,NS,2019,2019,32,Not Applicable,Not Applicable
Washington,53,Not Stated,NS,2020,2020,31,Not Applicable,Not Applicable
West Virginia,54,Hispanic or Latino,2135-2,2015,2015,51,27809,183.4
West Virginia,54,Hispanic or Latino,2135-2,2016,2016,54,28295,190.8
West Virginia,54,Hispanic or Latino,2135-2,2017,2017,55,29065,189.2
West Virginia,54,Hispanic or Latino,2135-2,2018,2018,59,30201,195.4
West Virginia,54,Hispanic or Latino,2135-2,2019,2019,60,31162,192.5
West Virginia,54,Hispanic or Latino,2135-2,2020,2020,78,31999,243.8
West Virginia,54,Not Hispanic or Latino,2186-2,2015,2015,22677,1816319,1248.5
West Virginia,54,Not Hispanic or Latino,2186-2,2016,2016,22656,1802807,1256.7
West Virginia,54,Not Hispanic or Latino,2186-2,2017,2017,23133,1786792,1294.7
West Virginia,54,Not Hispanic or Latino,2186-2,2018,2018,23405,1775631,1318.1
West Virginia,54,Not Hispanic or Latino,2186-2,2019,2019,23335,1760985,1325.1
West Virginia,54,Not Hispanic or Latino,2186-2,2020,2020,26021,1752788,1484.5
West Virginia,54,Not Stated,NS,2015,2015,24,Not Applicable,Not Applicable
West Virginia,54,Not Stated,NS,2016,2016,22,Not Applicable,Not Applicable
West Virginia,54,Not Stated,NS,2017,2017,88,Not Applicable,Not Applicable
West Virginia,54,Not Stated,NS,2018,2018,14,Not Applicable,Not Applicable
Wisconsin,55,Hispanic or Latino,2135-2,2015,2015,723,381877,189.3
Wisconsin,55,Hispanic or Latino,2135-2,2016,2016,785,387666,202.5
Wisconsin,55,Hispanic or Latino,2135-2,2017,2017,856,398780,214.7
Wisconsin,55,Hispanic or Latino,2135-2,2018,2018,907,403955,224.5
Wisconsin,55,Hispanic or Latino,2135-2,2019,2019,996,413208,241
Wisconsin,55,Hispanic or Latino,2135-2,2020,2020,1435,425753,337
Wisconsin,55,Not Hispanic or Latino,2186-2,2015,2015,50540,5389460,937.8
Wisconsin,55,Not Hispanic or Latino,2186-2,2016,2016,51030,5391042,946.6
Wisconsin,55,Not Hispanic or Latino,2186-2,2017,2017,51825,5396703,960.3
Wisconsin,55,Not Hispanic or Latino,2186-2,2018,2018,52777,5409613,975.6
Wisconsin,55,Not Hispanic or Latino,2186-2,2019,2019,53192,5409226,983.4
Wisconsin,55,Not Hispanic or Latino,2186-2,2020,2020,61267,5406902,1133.1
Wyoming,56,Hispanic or Latino,2135-2,2015,2015,211,58207,362.5
Wyoming,56,Hispanic or Latino,2135-2,2016,2016,201,58413,344.1
Wyoming,56,Hispanic or Latino,2135-2,2017,2017,212,58122,364.8
Wyoming,56,Hispanic or Latino,2135-2,2018,2018,226,58227,388.1
Wyoming,56,Hispanic or Latino,2135-2,2019,2019,240,58609,409.5
Wyoming,56,Hispanic or Latino,2135-2,2020,2020,314,60279,520.9
Wyoming,56,Not Hispanic or Latino,2186-2,2015,2015,4558,527900,863.4
Wyoming,56,Not Hispanic or Latino,2186-2,2016,2016,4513,527088,856.2
Wyoming,56,Not Hispanic or Latino,2186-2,2017,2017,4545,521193,872
Wyoming,56,Not Hispanic or Latino,2186-2,2018,2018,4835,519510,930.7
Wyoming,56,Not Hispanic or Latino,2186-2,2019,2019,4877,520150,937.6
Wyoming,56,Not Hispanic or Latino,2186-2,2020,2020,5657,522049,1083.6
Wyoming,56,Not Stated,NS,2017,2017,11,Not Applicable,Not Applicable
Wyoming,56,Not Stated,NS,2020,2020,12,Not Applicable,Not Applicable
