state.name,state,REMEDID Month,REMEDID Day,Documented Month,Documented Day,Difference in Days,REMEDID,Documented,,
Alabama,AL,2,3,3,13,39,65,104,39,TRUE
Alaska,AK,2,10,3,12,31,72,103,31,TRUE
Arizona,AZ,2,2,1,26,-7,64,57,-7,TRUE
Arkansas,AR,2,3,3,11,37,65,102,37,TRUE
California,CA,0,28,1,26,29,28,57,29,TRUE
Colorado,CO,1,28,3,6,38,59,97,38,TRUE
Connecticut,CT,2,2,3,9,36,64,100,36,TRUE
Delaware,DE,2,7,3,12,34,69,103,34,TRUE
Florida,FL,1,22,3,2,40,53,93,40,TRUE
Georgia,GA,1,22,3,3,41,53,94,41,TRUE
Hawaii,HI,2,12,3,7,24,74,98,24,TRUE
Idaho,ID,2,3,3,14,40,65,105,40,TRUE
Illinois,IL,1,28,1,24,-4,59,55,-4,TRUE
Indiana,IN,1,28,3,6,38,59,97,38,TRUE
Iowa,IA,2,3,3,9,35,65,100,35,TRUE
Kansas,KS,1,30,3,8,38,61,99,38,TRUE
Kentucky,KY,1,30,3,9,39,61,100,39,TRUE
Louisiana,LA,1,23,3,9,46,54,100,46,TRUE
Maine,ME,2,11,3,12,30,73,103,30,TRUE
Maryland,MD,1,31,3,6,35,62,97,35,TRUE
Massachusetts,MA,1,2,2,1,2,33,63,30,FALSE
Michigan,MI,1,27,3,10,43,58,101,43,TRUE
Minnesota,MN,2,1,3,6,34,63,97,34,TRUE
Mississippi,MS,2,2,3,12,39,64,103,39,TRUE
Missouri,MO,1,31,3,8,37,62,99,37,TRUE
Montana,MT,2,12,3,13,30,74,104,30,TRUE
Nebraska,NE,2,5,3,6,30,67,97,30,TRUE
Nevada,NV,1,29,3,5,36,60,96,36,TRUE
New Hampshire,NH,2,15,3,2,16,77,93,16,TRUE
New Jersey,NJ,1,24,3,5,41,55,96,41,TRUE
New Mexico,NM,2,11,3,11,29,73,102,29,TRUE
New York,NY,1,19,3,2,43,50,93,43,TRUE
North Carolina,NC,2,3,3,3,29,65,94,29,TRUE
North Dakota,ND,2,13,3,12,28,75,103,28,TRUE
Ohio,OH,1,30,3,9,39,61,100,39,TRUE
Oklahoma,OK,1,29,3,7,38,60,98,38,TRUE
Oregon,OR,1,26,2,29,34,57,91,34,TRUE
Pennsylvania,PA,1,27,3,6,39,58,97,39,TRUE
Rhode Island,RI,2,12,3,1,18,74,92,18,TRUE
South Carolina,SC,1,30,3,6,36,61,97,36,TRUE
South Dakota,SD,2,8,3,9,30,70,100,30,TRUE
Tennessee,TN,1,30,3,5,35,61,96,35,TRUE
Texas,TX,1,26,3,5,39,57,96,39,TRUE
Utah,UT,2,2,3,7,34,64,98,34,TRUE
Vermont,VT,2,4,3,8,33,66,99,33,TRUE
Virginia,VA,1,29,3,8,39,60,99,39,TRUE
Washington,WA,1,9,1,22,13,40,53,13,TRUE
West Virginia,WV,2,15,3,17,31,77,108,31,TRUE
Wisconsin,WI,1,30,3,9,39,61,100,39,TRUE
Wyoming,WY,2,28,3,12,13,90,103,13,TRUE
