st.abb,year,policy_updated
AK,2019,0.117629287329611
AL,2019,2.66371676772601
AR,2019,1.97593059180702
AZ,2019,1.13166190733728
CA,2019,-3.479274702858
CO,2019,-0.604047812827248
CT,2019,-2.65009284091445
DE,2019,-1.45581442605909
FL,2019,1.24579476697383
GA,2019,2.19654803937932
HI,2019,-2.3419394620959
IA,2019,0.0879076108474982
ID,2019,1.5333607220749
IL,2019,-1.73644974431169
IN,2019,1.2024437235727
KS,2019,1.05396547505306
KY,2019,1.38042183439007
LA,2019,1.45550062450334
MA,2019,-2.76474162176738
MD,2019,-2.32142759183521
ME,2019,-2.01062317807794
MI,2019,0.0256988928427932
MN,2019,-1.24137257854844
MO,2019,1.26264358536854
MS,2019,2.9124575651117
MT,2019,-0.125606268960312
NC,2019,1.93379111940499
ND,2019,1.4766069309892
NE,2019,0.57948407990377
NH,2019,-0.651615402794196
NJ,2019,-2.82611930617225
NM,2019,-1.34779849680938
NV,2019,-0.507005012544874
NY,2019,-3.07460864008902
OH,2019,0.21254571415329301
OK,2019,1.56275377999182
OR,2019,-2.29888420036481
PA,2019,0.022687642545012002
RI,2019,-2.39117253926621
SC,2019,1.77193931814926
SD,2019,1.33131875915286
TN,2019,1.67065262088609
TX,2019,1.49333637784946
UT,2019,1.09229183157563
VA,2019,1.02033429449167
VT,2019,-2.42724634343898
WA,2019,-1.98954068924846
WI,2019,0.227748277912741
WV,2019,0.701570110146931
WY,2019,1.31826833475754
