,X,state,rentdispersed,Vax_Admin_Per_100K,Vax_Series_Complete_Pop_Pct,MeanExcess,MeanExcessLow,gdppc
1,1,Alabama,0.098236339,36139,13.7,0.181196581,0.112820513,41479.9564
2,2,Alaska,0.349436415,56255,22.6,0.129059829,0.017094017,72909.3904
3,3,Arizona,0.164490886,48258,17.4,0.21025641,0.135897436,44498.81758
4,4,Arkansas,0.082079675,40094,14.3,0.17008547,0.098290598,38700.62469
5,5,California,0.316079017,47085,16.4,0.184615385,0.125641026,69329.01244
6,6,Colorado,0.204149087,47685,17.9,0.179487179,0.115384615,61953.45645
7,7,Connecticut,0.221153547,55897,20.9,0.17008547,0.128205128,70539.93129
8,8,Delaware,0.059965272,48668,16.8,0.12991453,0.042735043,65993.8137
9,9,District of Columbia,0.551434268,54034,14.2,0.24957265,0.105982906,177103.0494
10,10,Florida,0.188553503,45544,16.3,0.12991453,0.086324786,45238.43457
11,11,Georgia,0.101736505,37209,12.5,0.192307692,0.11025641,52581.24311
12,12,Hawaii,0.327756865,50696,19.5,0.041025641,0.001709402,55919.88541
13,13,Idaho,0.092809155,42903,16.8,0.134188034,0.064957265,41359.43572
14,14,Illinois,0.35297094,47929,16.9,0.21025641,0.141025641,61368.74882
15,15,Indiana,0.139846999,42193,17,0.192307692,0.123076923,50258.33236
16,16,Iowa,0.160261205,49695,19.7,0.182905983,0.117094017,54802.58758
17,17,Kansas,0.156635682,45012,17.1,0.164957265,0.092307692,54982.84771
18,18,Kentucky,0.269005822,47966,17.9,0.166666667,0.088888889,42831.13379
19,19,Louisiana,0.237870914,43091,16.8,0.195726496,0.109401709,50754.5828
20,20,Maine,0.259811503,53194,20.2,0.053846154,0.005128205,44214.67745
21,21,Maryland,0.197062852,47673,17.8,0.179487179,0.109401709,61138.51544
22,22,Massachusetts,0.337251598,53467,19.5,0.133333333,0.102564103,75114.52661
23,23,Michigan,0.206240181,45200,17.4,0.18034188,0.11965812,46791.51809
24,24,Minnesota,0.161818705,49660,19.3,0.118803419,0.068376068,60310.74368
25,25,Mississippi,0.091131276,38982,15.2,0.222222222,0.138461538,34112.909
26,26,Missouri,0.153363357,41988,15.5,0.158119658,0.098290598,47388.25449
27,27,Montana,0.068735081,49989,19.7,0.21025641,0.103418803,43777.09871
28,28,Nebraska,0.182366838,49965,19.3,0.147008547,0.08034188,61148.68218
29,29,Nevada,0.285653626,44615,16.3,0.199145299,0.117094017,50915.8627
30,30,New Hampshire,0.148918519,52045,18.2,0.064102564,0.01965812,56722.71534
31,31,New Jersey,0.448245506,50933,19.5,0.245299145,0.205982906,63254.98554
32,32,New Mexico,0.150611071,61094,24,0.207692308,0.105982906,45245.60658
33,33,New York,0.180327609,48287,17.3,0.157264957,0.130769231,76836.13298
34,34,North Carolina,0.363599727,45589,16.9,0.142735043,0.077777778,49067.57993
35,35,North Dakota,0.022659693,55046,20.6,0.221367521,0.11025641,73808.95518
36,36,Ohio,0.130402586,46203,17.2,0.146153846,0.090598291,52283.39222
37,37,Oklahoma,0.172092416,49913,18.5,0.147008547,0.088034188,50723.36896
38,38,Oregon,0.105193667,44898,17.1,0.148717949,0.065811966,52032.21538
39,39,Pennsylvania,0.291962326,48444,17.2,0.167521368,0.116239316,55942.35396
40,40,Rhode Island,0.067868413,53477,21.5,0.121367521,0.051282051,50242.55188
41,41,South Carolina,0.112785472,42564,15.4,0.170940171,0.094871795,41269.10137
42,42,South Dakota,0.033064333,57093,22.9,0.266666667,0.133333333,52722.00927
43,43,Tennessee,0.116436405,39908,14.2,0.152991453,0.088888889,48192.00682
44,44,Texas,0.418503926,41216,14.3,0.207692308,0.143589744,61571.43147
45,45,Utah,0.19979948,43074,11.8,0.112820513,0.051282051,53380.20648
46,46,Vermont,0.070323244,53475,19.2,0.105982906,0.005982906,47921.99862
47,47,Virginia,0.483259193,48513,17.5,0.130769231,0.076923077,57085.17549
48,48,Washington,0.231917474,48062,18.4,0.082051282,0.024786325,70385.82157
49,49,West Virginia,0.07352722,50018,19.4,0.109401709,0.046153846,40478.20854
50,50,Wisconsin,0.187193606,50997,19,0.123076923,0.075213675,52193.15496
51,51,Wyoming,0.016211906,46691,18.8,0.11965812,0.029059829,66743.49773