GeoFIPS,state,Region,TableName,LineCode,IndustryClassification,Description,Unit,2005:Q1,2005:Q2,2005:Q3,2005:Q4,2006:Q1,2006:Q2,2006:Q3,2006:Q4,2007:Q1,2007:Q2,2007:Q3,2007:Q4,2008:Q1,2008:Q2,2008:Q3,2008:Q4,2009:Q1,2009:Q2,2009:Q3,2009:Q4,2010:Q1,2010:Q2,2010:Q3,2010:Q4,2011:Q1,2011:Q2,2011:Q3,2011:Q4,2012:Q1,2012:Q2,2012:Q3,2012:Q4,2013:Q1,2013:Q2,2013:Q3,2013:Q4,2014:Q1,2014:Q2,2014:Q3,2014:Q4,2015:Q1,2015:Q2,2015:Q3,2015:Q4,2016:Q1,2016:Q2,2016:Q3,2016:Q4,2017:Q1,2017:Q2,2017:Q3,2017:Q4,2018:Q1,2018:Q2,2018:Q3,2018:Q4,2019:Q1,2019:Q2,2019:Q3
" ""01000""",Alabama,5,SQGDP2,76,71,"   Arts, entertainment, and recreation",Millions of current dollars,533,519.7,523,534.4,546.9,554.6,548.5,558.7,567.2,581.7,584.1,592.9,581.6,581.4,599.2,623.6,606.8,600.1,622,614.5,628.1,628.5,599.6,593.4,619.9,634.4,621.1,607.1,672.8,676.5,675.6,658.2,673.7,659.5,668.5,695.5,693.5,706.2,722.2,714.2,747.9,686.7,712.9,715.5,733.5,749.4,788,807.6,751.4,779.6,796,817.1,815.4,863.1,862.3,866.1,908.8,906,902.1
" ""02000""",Alaska,8,SQGDP2,76,71,"   Arts, entertainment, and recreation",Millions of current dollars,172.3,175.1,181,179.5,176.2,184.2,177.4,180,193.3,199.9,200.1,205,202.9,207.7,213.2,210,201.7,212.4,213.9,212.2,209.3,214.5,216.1,232.9,229.6,244.7,245.8,258.1,260.4,262.7,269,264.2,288.4,290.3,293.8,292,293.5,290.6,293.3,292.6,296.9,290.9,293.7,299.9,299.7,309.3,309.7,315.2,311.4,313.3,313.3,313.3,311.1,334.6,336.7,326.9,330,334.4,339.6
" ""04000""",Arizona,6,SQGDP2,76,71,"   Arts, entertainment, and recreation",Millions of current dollars,1867.2,2001.8,2152.7,2068.1,1953.7,2185.7,1966.2,2193.2,2053.9,2020.9,2061.3,2236,2024.4,2002.4,2063,2092.5,2025.9,2015.6,1999.1,2027.3,2043.8,2022.5,2037.2,2109.8,2097.6,2031.5,2252.6,2162.9,2456.6,2579.7,2633.3,2583.1,2793,2816.2,2837.7,2843.4,3030.6,3133.3,3071.3,3183.3,3152.9,3039.9,3037.5,3256.3,3305,3402.6,3447.9,3493.6,3562.4,3583.7,3822.6,3633.1,3677.9,3958.1,4042.5,3862.3,3978.7,3925.2,3903.7
" ""05000""",Arkansas,5,SQGDP2,76,71,"   Arts, entertainment, and recreation",Millions of current dollars,281.3,288.1,295.5,296.1,300.4,308.5,301.2,315.2,346.3,350.1,356.9,372.7,406.5,354,384.3,381.1,395.9,393.5,400.4,399.9,396.4,408.7,417.6,408.7,404.7,423.4,430.8,485.4,456.9,486,475,464.1,468.8,465.1,472.6,477.1,489.8,503.1,517.8,514.5,497.6,500.8,506.1,525.6,508,540.9,550.3,572,552.5,559.4,579.8,579,576.1,599.8,593.7,591.7,598.2,594.4,598
" ""06000""",California,8,SQGDP2,76,71,"   Arts, entertainment, and recreation",Millions of current dollars,23948.1,25238.8,25076.4,25908.7,25483.2,25892.1,26747.1,26577.6,26073.2,26138.9,26570.5,26942.1,26862,27088.6,27417.9,28676.8,26777.3,26723.8,27121.3,27361.5,26981,27919.1,28582.8,28811.2,30138.9,29682.4,29548.3,29660,31004.1,31849.7,32641.2,34554.1,31880.6,32528.1,33005.1,34309.2,34953.5,35157.6,35954.4,35293.7,34802.5,35893.7,35899.4,35168.3,36430.8,37459.6,38074.6,38953,38098.4,37846.9,39197,40038.6,39132.6,41514.2,41627.8,42412.4,43183.1,43228.3,43118.3
" ""08000""",Colorado,7,SQGDP2,76,71,"   Arts, entertainment, and recreation",Millions of current dollars,2287.1,2346.7,2375.7,2493.6,2549.1,2402.9,2424.9,2525.7,2444.4,2551.1,2650.5,2739.3,2817.7,2817,2710.8,2798,2738.6,2692.3,2903.6,2939.1,2912.7,2994.1,2962.9,3020.8,3015.4,3145.5,3246.7,3093.6,3259.9,3324.7,3174,3137.5,4021.5,4128,4146.9,4207,4750.1,4745.5,4808.3,4741.4,5289.6,5254.3,5326.2,5445,5582.8,5693.6,5828.8,5830.4,5693.1,5674.2,6001.7,6013.9,5914,6423.6,6372.9,6304.3,6400,6413,6365.1
" ""09000""",Connecticut,1,SQGDP2,76,71,"   Arts, entertainment, and recreation",Millions of current dollars,2052.5,2016.8,2080.2,2067.6,2070.9,2105.6,2093.4,2114.9,2025.4,1997.4,1996.4,2053.1,2014.8,2091.8,2083.1,2100.5,2170.3,2130.1,2273.2,2288.9,2126.9,2150.2,2246.5,2201.8,2177.5,2305.9,2247.1,2313.4,2447.8,2550.5,2558.9,2613.8,2472,2424.8,2460.9,2489.5,2458.4,2470.5,2502.2,2509.2,2327.2,2319.6,2359.7,2408.8,2379.8,2484.7,2489.9,2516.8,2431.7,2383.3,2436.7,2428,2453.9,2561.7,2552.6,2649.8,2623.8,2646.9,2670.9
" ""10000""",Delaware,2,SQGDP2,76,71,"   Arts, entertainment, and recreation",Millions of current dollars,347.5,346.1,358.2,343.6,400.9,385.9,383,378,383.2,388.2,390.6,389.4,401.9,396.2,399.3,400.5,427.6,419.6,420,429.9,436.8,481.9,530.2,550.6,546.4,557.9,537.8,537.8,500.4,522.1,498.3,513.6,465.2,456.4,461.6,468.5,427.3,436.8,443.2,426.3,431.2,428.4,437.2,427.5,428.1,433.6,440.6,445.8,440.7,442.9,443.9,449,380.1,407.9,405.8,404.3,394,393.8,392.6
" ""11000""",District of Columbia,2,SQGDP2,76,71,"   Arts, entertainment, and recreation",Millions of current dollars,681.1,816.8,866.2,765.3,753.3,841,752.9,781.1,686.6,669.3,702.7,704.3,773.9,814.3,811.7,885.1,839,807.6,837.3,893.8,911.7,870.6,887.8,957.9,936.6,841.5,688.8,676.1,871.2,935.1,936.3,934.3,847.9,927.3,922.5,853.1,892.7,1024.4,1011.4,965,987.4,1070.1,1080.5,1080.8,1058.3,1030.2,1106.1,1218.2,1256.9,1214.1,1335.5,1387.8,1371.6,1535.8,1374.5,1377.8,1400.3,1411.6,1415.7
" ""12000""",Florida,5,SQGDP2,76,71,"   Arts, entertainment, and recreation",Millions of current dollars,9382.3,9500.8,9767.1,9543.3,11111,10766,10555.5,10552.2,11372.5,11646.4,11590.3,11750.9,12003.6,12168.2,12299.5,13011.6,11800.2,12207.3,11981.4,12075.1,12079.8,12625.9,13035.9,13039.5,13241.6,13158.9,13377.8,13247.1,13579.4,13749.6,13952.2,14127.6,13377.6,13160.1,13590.1,13717.5,14186.9,14538.3,14689.4,14663,14315.2,15162.2,14882.5,15265.9,15282.5,15389,15368.9,16273.1,15347.4,16027.5,16922.6,16300.4,16389,16864.4,17276.9,17317.3,17619.5,17632.1,17695
" ""13000""",Georgia,5,SQGDP2,76,71,"   Arts, entertainment, and recreation",Millions of current dollars,1988.3,2024.3,2080.6,2145.2,1994.7,2049.4,2006.2,2052.3,2209,2107.5,2221.3,2277.7,2204.7,2283.5,2295.6,2192.8,2392.3,2399.5,2365,2264.1,2560.5,2543,2525.5,2712.5,2655.4,2887.8,2877.9,2943.4,2939.6,2945.7,2975.5,3115.8,3058,2962.3,2954.1,2876.4,2954.6,3224.7,3086.7,3232,2934,2979.6,3168.1,3021.1,3057.9,3191,3266,3368.5,3375.3,3451.2,3527.2,3515.3,3406.3,3716.3,3645.7,3779,3706.1,3640.1,3641.2
" ""15000""",Hawaii,8,SQGDP2,76,71,"   Arts, entertainment, and recreation",Millions of current dollars,614.5,584.9,615.8,583.9,616.8,619.8,610.7,599.4,674.7,696.5,680.8,669.7,767.2,747.6,732.5,768.5,771.8,732.4,814.3,765.6,691.1,700.8,687.4,749.3,706,708.8,678.2,699.6,748,768.7,766.1,779.5,883.5,873.7,944.3,887.5,934.5,927.7,924.4,996.3,921.2,956.8,975.2,920.3,883.2,880.3,927.6,931.3,994.3,1031,1046.7,1061.6,1083.3,1100.4,1092.4,1170.4,1069.4,1067.8,1066.5
" ""16000""",Idaho,7,SQGDP2,76,71,"   Arts, entertainment, and recreation",Millions of current dollars,291.7,262.1,271.1,270.4,312.1,322.4,299.2,302.5,345.6,355.8,353.3,353.1,348.4,345.8,355.5,340.8,346.3,330.8,323.5,312.6,344.9,352,346.8,440.5,365.4,368.8,335.5,342.1,355.9,376.3,381.5,386.3,386.9,392,397.3,390.5,407.4,412.2,408.6,424.2,428.2,423,432.2,429.3,485.6,495.9,508.1,524.6,540.4,547.1,557.2,567.2,587.8,631,657.5,657.6,666.2,659.5,658.7
" ""17000""",Illinois,3,SQGDP2,76,71,"   Arts, entertainment, and recreation",Millions of current dollars,4900.6,5126.8,5255.6,5714.3,5482,5617.2,5493.1,5473.1,5892.6,6039.7,5985.3,5954.2,6180.3,6175.2,6222.7,6158.4,5693.9,5700.2,5691.4,5758.5,5792.9,6031.5,5987.4,5952.7,5800,6320.9,6258.3,6068.8,6944.3,6862.5,7167.3,7570.1,7526.7,7733.4,7814.4,8168.1,8140.9,8104.6,8268.1,8184.5,9031.4,8863.5,8761,9081.7,9065.2,9186.7,9471.7,9570.7,9289.3,9437.5,9591.6,9396.3,9505.9,10078.9,10174,10055.6,10089.6,10103.7,10113.4
" ""18000""",Indiana,3,SQGDP2,76,71,"   Arts, entertainment, and recreation",Millions of current dollars,2997,2909.6,2993.2,3044.3,3082.3,3080.8,2939,2953.2,3069.8,3055.2,3121.4,3082.3,3039.5,3018.3,3212.2,3300.3,3166.2,3207.2,3168.7,3112.5,3368.4,3249,3213.4,3273.1,2985.4,3231.9,3303.5,3291.2,3319.3,3501.4,3477.5,3414.5,3737.6,3534.3,3532.5,3492.7,3611.9,3713.5,3654.1,3726.8,3773.9,3591.5,3677.6,3751,3475,3703.9,3856,3912.3,3957.8,3749.9,3778,3735.6,3719.8,4036.1,4029.3,4068.1,4101.4,4056.6,4042.9
" ""19000""",Iowa,4,SQGDP2,76,71,"   Arts, entertainment, and recreation",Millions of current dollars,731.8,716.9,745.8,752.4,895,900.4,861.3,841.2,1039.9,1001,1006.9,1000.5,1033.6,1020.6,1054.7,1076.9,1095.3,1072.4,1082.4,1023.6,1118.4,1091.4,1106.1,1106,1127.1,1178.3,1108,1165.3,1162,1131.2,1119.2,1126.9,1031.4,1075.3,1074.5,1084.1,1145.8,1116.8,1113.5,1092,1082.5,1083.1,1122.8,1152.7,1093.1,1134.4,1130,1164,1125.2,1149.2,1152,1158.9,1169.3,1212.2,1238.3,1223.4,1243.1,1217.3,1240.5
" ""20000""",Kansas,4,SQGDP2,76,71,"   Arts, entertainment, and recreation",Millions of current dollars,483.6,480.9,488.3,481.4,462.9,472.5,479.9,502,427.1,450.7,460.9,477.1,455.1,459.3,467.3,469.5,477.4,466.7,481.4,468.3,495.3,512.9,502.7,523.4,499.1,544.3,560.8,551.1,673.2,668.1,661,660.6,673.8,642.7,641.9,634.7,736.7,738.1,749.8,725.7,898.6,885.6,902.5,921.7,833,867.4,874.3,909.9,855.4,862.9,868.6,866.6,890.7,945.1,943.7,946.4,945.6,945.7,952
" ""21000""",Kentucky,5,SQGDP2,76,71,"   Arts, entertainment, and recreation",Millions of current dollars,680.2,693.2,687.7,685.4,701.8,714.2,664.7,682,697.6,694,739.4,733.1,697.9,727.4,740.3,732.9,752.1,732.1,744,720.9,742.2,760.4,775.4,781.5,759.7,774.9,772,815.9,814.3,862.6,854.5,853.1,868.7,886.7,876.7,916.2,975.4,929.7,988.6,949.9,939.5,919.8,966.8,1017.3,910.2,1048,1029.8,1010,974.5,1036.2,1069.8,1147.8,1127.6,1104.2,1141.9,1116.3,1253.1,1243.9,1243.4
" ""22000""",Louisiana,5,SQGDP2,76,71,"   Arts, entertainment, and recreation",Millions of current dollars,2266.3,2087.2,2164.7,2120.5,1897,2059.7,2163,2038.8,2177.1,2108.4,2215.1,2140.5,2351.6,2235.6,2241,2286.6,1973.4,2045.7,2012.6,2129,2171.1,1991.8,1865.8,2190.4,1990.8,2082.7,2143.2,2003.2,2169,2022.7,2299.8,2023,2212.9,2124.4,2099.5,2189.4,2167.6,2217.6,2332.4,2252.8,2293.4,2292.8,2226.3,2366.8,2303.4,2337.2,2551.7,2470.7,2603.2,2331.5,2490.4,2478.4,2479.3,2661.6,2519.4,2618.6,2478.3,2417,2355.5
" ""23000""",Maine,1,SQGDP2,76,71,"   Arts, entertainment, and recreation",Millions of current dollars,357.9,367.9,382.6,401.3,393.9,402.3,407.4,411.6,424,441.9,426.3,428.3,430.2,427,456.6,442.6,435.6,447.9,454.6,485.9,454.1,472.4,485.1,506.7,490.8,494.8,484,496.1,512.6,528.1,547.6,549,564,554.5,551.4,558.9,566.1,565.6,582.1,577.3,575,571.9,575.1,584.7,614,617.9,620.8,668.1,632.6,649.3,663.3,641.4,652,694.4,703,707.5,710.8,716.8,723.9
" ""24000""",Maryland,2,SQGDP2,76,71,"   Arts, entertainment, and recreation",Millions of current dollars,1662.4,1610,1619.5,1675,1858.5,1817.7,1807.6,1675.3,1874.2,1898,1934.3,1988,1697.1,1799,1794.8,1947.3,1873.6,1807.5,1762.9,1731.6,1878,1982.3,2039.2,2132.7,2121.9,2193.6,2272.4,2227,2494.3,2580.7,2576.8,2715.3,3233.6,3115.1,3253.8,3272.2,3870,3898.3,3969.2,4000,4229.6,4323.9,4234.1,4315.8,4477.9,4638.7,4660.6,4629.7,4327.4,4281.1,4427.3,4274.1,4309.1,4549.4,4542,4650.7,4535.2,4514.7,4546.9
" ""25000""",Massachusetts,1,SQGDP2,76,71,"   Arts, entertainment, and recreation",Millions of current dollars,2909.9,2908.2,3008.9,2999.9,2829.9,2923.4,2739.9,3029.2,2809.5,2857.8,3009,3122.3,3054.6,3015.3,3033.6,3164.1,3436.8,3286.3,3388.8,3388.6,3808.2,4025.9,4020.8,3853.9,3757.2,4078.2,4193.5,3959.3,4171.2,4180.2,4108.7,4111.3,4681.3,4731.2,4836.4,4891.7,5698.9,5768,5841.6,5885.9,6233.9,6197.5,6319.8,6390.4,6393.6,6611.4,6801.9,6854.6,6445.3,6356.5,6489.1,6474,6653.1,6997.7,7073.1,7072.1,6965.6,6995.6,7033.1
" ""26000""",Michigan,3,SQGDP2,76,71,"   Arts, entertainment, and recreation",Millions of current dollars,3447.1,3481.1,3744.6,3554.2,3687.7,3704,3641.2,3718,3542.5,3501.8,3498.5,3617.9,3530.7,3479.7,3431.4,3299.9,3255.5,3263.4,3312.7,3326,3319.6,3277.1,3198.1,3361.4,2890.6,2876.4,3049.3,2988.8,2959.5,3025.3,3120,3258.9,3182.3,3165.6,3089.3,3172.7,3318.1,3260.8,3257.3,3186.3,3117.1,3370.9,3263.4,3392.4,3344.4,3486.7,3531.4,3696.3,3496.1,3735.7,3823.7,3712.6,3883.9,3685.6,3715.7,3868.7,3892.2,3931.7,3885.9
" ""27000""",Minnesota,4,SQGDP2,76,71,"   Arts, entertainment, and recreation",Millions of current dollars,1694.5,1742.6,1789,1801.1,1887.5,2209.7,1921.3,1815.3,1934.4,1958.1,2027.4,2022,2095.8,2058.9,2116.4,2383.2,2133.1,2080.7,2014.3,2115.8,2201,2184.2,2240,2319.4,2120,2389.2,2475.9,2388.7,2316.4,2374.2,2317.8,2239.9,2520,2507.1,2500.9,2496.3,2804.5,2785.4,2776.7,2663.6,2801.3,2916.5,2936.4,3113.5,2939.8,3115.9,3221.3,3313.4,3360.3,3271.4,3530.9,3432.7,3555,3708.8,3782.4,3835.1,3814.3,3773.6,3789.3
" ""28000""",Mississippi,5,SQGDP2,76,71,"   Arts, entertainment, and recreation",Millions of current dollars,775.7,756.9,736,589.3,501.4,551.6,585.6,675.3,648.9,644.9,737.4,775.8,747.9,692.1,663.3,660.6,726.3,683.8,650.1,621.7,715.1,678.8,683.5,676.2,624.4,671.6,632.5,628.8,647.1,673.8,656.7,684.8,675.7,662.4,643.2,665,626.8,623.7,617.2,600.9,613.6,624.4,631.5,632.7,677.4,648.8,648.3,671,558.8,574.7,585.1,570.5,594.5,613.4,606.6,591.8,612.7,613.7,616.2
" ""29000""",Missouri,4,SQGDP2,76,71,"   Arts, entertainment, and recreation",Millions of current dollars,2697,2897.4,2784.8,2984.2,2820.7,2804.7,2759.5,2899.6,2928.5,2940.2,3040,2958.3,3049.1,3086.7,3090,3000.1,3101.2,3070.8,3056.8,3003.3,3248.3,3221.1,3133.7,3297,3263.4,3248.7,3766.9,3736.8,3466.5,3574.1,3396.6,3480,4080.2,3476.2,3588.2,3692.2,3728,3685.7,3862.9,3993.7,3829,3587.6,3834.7,3980,4006,3755.3,3740.2,3644,3390.2,3648,3680.6,3449.1,3559.1,3742,3692.1,3621.2,3777.9,3776.1,3784
" ""30000""",Montana,7,SQGDP2,76,71,"   Arts, entertainment, and recreation",Millions of current dollars,368.1,366.1,377.6,397.5,415.3,428.6,428.3,423.3,447.4,471.3,462.2,471.9,461.4,460.3,478.9,506.7,479.5,467.4,494.6,476.9,478.7,467.3,468.6,459.3,484.1,473.8,493.9,463.3,480.1,493.3,493.7,487.2,502.4,498.6,485.4,509.4,526.3,565,556.3,573.6,578.2,561.4,559.9,542.3,589,576.1,579.9,595.8,600.3,602.6,632.5,658.6,634.6,662.2,648.9,620.7,625.8,620.7,625.1
" ""31000""",Nebraska,4,SQGDP2,76,71,"   Arts, entertainment, and recreation",Millions of current dollars,377,376.1,381.3,396.4,403.5,397.5,384.4,398.7,391.8,402.1,419,425,402.7,427.8,424.6,430.2,449.2,446.3,448.8,413.7,448.4,457.4,457,476.2,480,492.4,480.4,486.6,510.4,525.9,534.5,539.6,543.6,538.2,560.5,572.3,594.1,594.2,610.3,591.8,586.3,610.8,578.1,606.8,622.5,649.1,640.7,667.2,652.5,659.2,698.8,684.7,677,707.2,701.5,716.9,725.8,733.9,730.4
" ""32000""",Nevada,8,SQGDP2,76,71,"   Arts, entertainment, and recreation",Millions of current dollars,3584.9,3596.9,3710.2,3912.1,3792.8,3893.8,4004.8,4369.6,4166,4189.1,4206.2,4109.5,3853.4,3745.5,3732.9,3948.6,3358.8,3368.8,3441.8,3331.2,3924.6,3804.6,3789,3769.2,4273.5,4298.7,4208.3,4290.1,4901.7,4919.7,4887.6,4935.8,5043.1,5012.7,5207.1,5494.7,4344.1,4370.8,4473.9,4618.4,4419.3,4409,4349.8,4743.7,4745.7,4608.1,6819.6,4804.3,5005.1,4831.5,5006.7,4861.6,5363.2,5428.4,5360,5385.5,5788.1,5856.7,5877.9
" ""33000""",New Hampshire,1,SQGDP2,76,71,"   Arts, entertainment, and recreation",Millions of current dollars,706.1,689.4,674.3,665.8,677.8,690,725,801.3,696,729.9,756.8,821,654.8,656.4,666.1,626,648.3,639.6,644.6,647.8,748.5,781.5,792.6,794.3,810.4,843,820.5,838.1,850.2,888.4,915.7,945.1,942,953.3,971,1023.8,1003.6,998.4,1010.3,1016.9,1022.3,1007.9,1003.7,1009.6,1042.8,1078.5,1090.2,1109.2,1132.9,1129.5,1146,1134.7,1176.5,1256.7,1272.8,1280.8,1295.2,1303.4,1310.9
" ""34000""",New Jersey,2,SQGDP2,76,71,"   Arts, entertainment, and recreation",Millions of current dollars,3157,3337.3,3411.2,3208.9,3882.1,3941.4,3829.2,4002.1,3872.9,4027.3,4074.8,4008.5,3779.8,3866.4,4004.2,4416.8,4004.8,3944.2,4240.1,3984.9,4095.8,4245.5,4296.4,4363.2,3917.7,4037.7,4683,4067.3,4926.7,4644.3,4404.2,4343,4521.5,4657.4,4737.6,4957.6,4867.1,5337,5153.4,4946.7,4742.1,4966.4,5041.4,4800.7,5564.1,5547.2,5693.6,5767.9,5438.3,5858.1,5942.9,5899.1,6125.7,6424,6513.8,6639.9,6792.9,6876.1,6946.3
" ""35000""",New Mexico,6,SQGDP2,76,71,"   Arts, entertainment, and recreation",Millions of current dollars,504.9,499.7,519.3,521.5,481.3,495.7,512.6,543.5,580.6,593.5,596.3,590.5,572.8,586.2,554.8,608,625.3,613.1,638.4,655.1,610.1,638.3,648.8,661.5,623.3,634.8,626,646.1,638.2,663.4,676.5,695,646.4,671,682.4,692.5,673.5,703.9,701.4,701.3,668.1,652.4,652.5,665.5,672.6,677.2,692.7,702,667.2,672.9,688.4,678.4,686.2,729.1,744.9,756.2,766.8,765.5,764.9
" ""36000""",New York,2,SQGDP2,76,71,"   Arts, entertainment, and recreation",Millions of current dollars,11736.9,11855.3,11975.5,12113.1,13388.6,13457.6,13176.1,14416.8,14981.1,14802.4,14952.3,15252.3,16293.5,16598.1,17176.8,17285.7,18297.7,18101.8,18475,18516.8,18148.2,19078.1,19117.1,19419.5,18965.4,19267.4,18812.8,19220.8,20601.8,20644.9,21038.3,21261.2,20540.6,20853.9,21161.7,21803.6,22188.1,22362.5,22895.6,23063.1,21674.4,21626.7,22285.9,22656.2,23729.9,24088.2,24201.5,24587.1,25586.3,26116,26920.8,26647.4,26845.9,28049,28357.4,27966,28392.4,28948.4,29037.2
" ""37000""",North Carolina,5,SQGDP2,76,71,"   Arts, entertainment, and recreation",Millions of current dollars,2237.6,2381.3,2538.7,2518.3,2669.3,2761.3,2752.7,2829.3,2740,2860.3,2903.3,2997.1,2940.9,2985.2,3066.2,3161,3133.3,3122.7,3161.5,3213.9,3179.2,3212.4,3192.1,3254.5,3591.3,3375.2,3941.3,3637.2,3708,3843,3838.7,3860.8,3939.2,3938.2,3976.1,4086.6,4031.2,4066.6,4082.9,4084.7,4052.5,4112.6,4216.3,4201.8,4246.3,4339.4,4477.1,4514.5,4682.1,4609,4772,4796.1,4687.1,5003.2,5045.5,5033.5,5092.3,5119.3,5163.1
" ""38000""",North Dakota,4,SQGDP2,76,71,"   Arts, entertainment, and recreation",Millions of current dollars,105.8,103.7,104,104.4,104.8,106.3,105.6,107.3,105,107.2,109.4,109.4,109.3,113,115,117.6,119.5,118.4,126.6,121.4,126.4,128.5,128,130.7,130.7,135.2,131.1,136.9,133.5,137.4,140.4,142.8,138.9,136.1,141.2,142.8,151.6,149.2,154,150.6,153.2,151.5,156.6,156,154,160.1,159.2,165.9,159.3,162,165.4,166.8,193.6,204.5,205.5,210.7,207.6,209.3,209.8
" ""39000""",Ohio,3,SQGDP2,76,71,"   Arts, entertainment, and recreation",Millions of current dollars,4009.8,4025.5,4132.8,4226.3,3874.3,3844.3,3923.5,3926.3,4284.5,4189.1,4222.5,4061.7,4299.8,4253.1,4043.5,3921.6,4363.8,4403,4486.1,4431.6,4774.2,4889.5,4961.1,5273.7,5007,5025.8,5203.3,5305.3,5398.4,5798.9,6070.9,6315.5,6144.7,6465.5,6696.2,6876.7,6443.6,6623.5,6739.5,6611.4,6631.3,6523.5,6353.7,6861.8,7046.5,6989.5,7150.1,7529.4,7167,7240.3,7374.8,7259.5,7374.9,7862.9,7917.5,7730.7,8094.4,8085.1,8134.1
" ""40000""",Oklahoma,6,SQGDP2,76,71,"   Arts, entertainment, and recreation",Millions of current dollars,561,574.2,591.2,595.4,714.1,674.5,682.8,765.7,681.2,736,764.7,648.6,651.2,687.8,733.2,818.2,960.9,791.6,787.5,785.6,922.3,862.4,836.7,875.5,869.7,910.1,865.9,780.8,945.7,946.1,984.5,966.9,964.1,928.6,930.1,953.5,1084.2,1133.5,1142.7,1185.9,1126.8,1145.2,1146.2,1121.6,1217.6,1229.1,1298.7,1217.7,1149.4,1288.6,1355.6,1375.7,1305.4,1364,1429.7,1375.5,1484,1456.6,1421.9
" ""41000""",Oregon,8,SQGDP2,76,71,"   Arts, entertainment, and recreation",Millions of current dollars,961.7,985.6,980.1,1016,1014.2,1069.6,1060.7,1046.5,1121.5,1112.8,1179.8,1156.6,936.9,1019.1,944.8,999.4,989.2,981.4,946.6,929.7,952.1,1007.5,1141.8,950,1338.9,1357.4,1243.1,1369.8,1523.6,1515.7,1554,1521.5,1514.2,1556.7,1576.8,1596.7,1630.8,1676,1718.7,1673.4,1706.8,1732,1800.8,1777.3,1886.4,1923.8,1890.5,2031.3,2041.1,2053.8,2076.7,2098.6,2076.4,2240.6,2264.8,2256.1,2251.3,2267.1,2278.5
" ""42000""",Pennsylvania,2,SQGDP2,76,71,"   Arts, entertainment, and recreation",Millions of current dollars,3585.9,3575.7,3781.6,3596.3,3761.9,3867.6,3898.8,4092.7,4720.4,4886.8,5089.6,5276.8,5461.2,5546,5653.6,5701.8,5793,5721.4,5860.5,6099.1,5989.2,6469.4,6810.5,7188.9,6754.6,6920.9,7347.5,6798,7415.9,7312.7,7115.8,7352.4,7217.9,7344.6,7441,7204.7,7438.5,7735.4,7673.1,7520.3,7603.7,7541.8,7664.6,7943.4,8255.1,8389.6,8477.1,8327.1,8368.5,8447.3,8672.2,8727.7,8918,8669.9,9065.8,9101.6,9186.1,9119.7,9044.5
" ""44000""",Rhode Island,1,SQGDP2,76,71,"   Arts, entertainment, and recreation",Millions of current dollars,440.3,441.3,456.1,463.9,453.9,463.9,467.3,476.8,436.4,447.7,439.6,453.3,446.4,429.3,428.9,452.5,426.4,429.6,455.2,446.8,479.6,490.1,499.9,509.7,512.1,520.2,507.2,508.8,531.6,523.7,530.1,553.3,536.1,544.1,580.5,608.2,643.9,625.5,614.3,630.9,652.8,654.2,667.1,685.9,684.7,723.8,722,712.9,716.1,735.1,720.7,699.4,721.4,721.6,705.9,719.7,741,748.1,756.2
" ""45000""",South Carolina,5,SQGDP2,76,71,"   Arts, entertainment, and recreation",Millions of current dollars,846.5,826,845.3,813.6,895.3,899.2,874.8,928.1,910,927.9,987.3,1088.1,1021.9,1073.6,1068.9,1034.9,1082.9,1060,1045,959.1,1238.1,1184.1,1179.5,1186,1232.9,1276.7,1266.3,1293.8,1339.3,1329.3,1297.1,1277.4,1275.8,1221.3,1256.8,1276.5,1300.1,1323,1358.1,1329,1344.1,1360.3,1378.1,1403.3,1408.7,1378.2,1456.9,1475.6,1447.5,1470.9,1503,1503.6,1488,1558.5,1589.8,1602.3,1636.4,1638.2,1645
" ""46000""",South Dakota,4,SQGDP2,76,71,"   Arts, entertainment, and recreation",Millions of current dollars,188.2,195.7,197.7,199.6,204.4,208.6,207.1,207.7,220.7,220.9,220.1,232,236,233.1,235.2,242.8,247.7,239.9,249.7,245,261.4,261.8,266.6,269.2,270.6,275.7,266.5,269.4,275.8,280.7,274.9,270.5,265.6,259.3,264.3,266.7,276.5,281.8,285.3,293.4,287.8,286.7,290.8,292.4,276.6,281.4,282.4,291.8,297.8,297.9,305.6,303.6,302.3,317,315.8,316.2,320,318,316.7
" ""47000""",Tennessee,5,SQGDP2,76,71,"   Arts, entertainment, and recreation",Millions of current dollars,2996.6,3159.5,3319.3,3389.1,3433.2,3457.6,3939.9,3761.8,3885.9,3844,3828.8,3804.6,3791.4,3850.2,3932.3,3991,3947.1,3880.3,4022.2,4149,4164.1,4273.5,4271.8,4457.7,4268.4,4445.7,4689.2,4594.7,4678,4848.1,4991.1,5046.6,4886.8,4888.2,4992.4,5113.6,5268.9,5339.4,5557.4,5628.3,5911.9,6170.1,6192.4,5936.1,5969.1,6023.1,6046.7,6121.3,6488.7,6495.3,6748.7,6676.9,6805.3,7102.3,7321.7,7379,7317.7,7350,7395.2
" ""48000""",Texas,6,SQGDP2,76,71,"   Arts, entertainment, and recreation",Millions of current dollars,4578.8,4671.7,5003,5070.7,5173.4,5296.1,5273.1,5240.5,5479.8,5495.5,5526,5592.5,5593.5,5792.7,5829.2,5796.4,6502.1,6252.1,6247.3,6317.4,6201.7,6232.1,6232.6,6389.7,6545.4,7044.1,7044.8,6579.4,7378.4,7144.6,7267.7,7272.3,7875.6,7778.7,7802.5,8085.3,8455.5,8827,8990.2,8870.2,9772.4,9662.4,9919.9,9925.3,10686.2,10917.4,11028.5,11209.2,11472.1,11762,12236.5,12044.4,11843.1,12741.9,12760.2,12843.4,13044.2,13240.3,13340.9
" ""49000""",Utah,7,SQGDP2,76,71,"   Arts, entertainment, and recreation",Millions of current dollars,621.8,610.2,660.3,693.5,741.4,721.1,704.6,710.5,757.6,771.2,773.4,801,756.9,802,813.7,822.9,848.6,797.8,892.9,801.3,865.7,865,853.8,957.4,970.4,955.7,959.5,855.9,1019.6,1037.2,1023.8,1038.4,1100.2,1102.4,1073.7,1126.1,1129.7,1151.8,1181.8,1150.9,1138.6,1197.8,1233.2,1268.4,1254.5,1372.1,1457.1,1480.9,1464.9,1491.6,1562.5,1524.4,1578.2,1534,1568.5,1600.5,1594.8,1566.7,1585.3
" ""50000""",Vermont,1,SQGDP2,76,71,"   Arts, entertainment, and recreation",Millions of current dollars,227.7,227,236.9,249.5,233.8,245.5,239.2,230.2,246.5,240.2,243.8,256.1,248.9,256.8,263,266.1,274,261.7,273.8,267,278.8,287,293,310.3,291.4,303.8,297.3,309.9,310.3,323.7,328.7,330.3,328.8,324,320.5,320.5,344.5,342.9,338.9,366.3,324.3,323.7,322.9,334.5,325.4,343.7,361.4,354.1,353.9,348.3,351.9,351.1,351.5,369.9,378.1,385.5,358.7,359.7,361.6
" ""51000""",Virginia,5,SQGDP2,76,71,"   Arts, entertainment, and recreation",Millions of current dollars,2229.2,2234.3,2324.7,2294.6,2379,2394.1,2377.9,2464.6,2316.1,2407.2,2447.7,2490.1,2422.4,2574.3,2597.1,2636.9,2597.5,2568.6,2674.8,2680.6,2771.7,2833.4,2795.6,2943.5,2730.6,2602.6,3010.9,2789.7,2833.6,2920.5,3053,3006.3,2719.2,2718.2,2741.1,2779,2913,2811.3,2915.1,2878.2,2911.5,2871.5,3120.5,3003.7,3231.6,3309,3330.8,3419.7,3367.9,3391.6,3458.3,3471,3389.6,3590.1,3641,3710,3633.8,3581.1,3601.1
" ""53000""",Washington,8,SQGDP2,76,71,"   Arts, entertainment, and recreation",Millions of current dollars,2694.8,2415.9,2341.8,2461.4,3059.1,2876.9,2779.2,2742.1,3150.5,3101.5,3144.2,3092.7,3348.8,3378.9,3372.5,3324.7,3097,3100.4,3237.2,3198,3210.4,3141,3053,3154.3,3178.7,3267.1,3232.2,3328.8,3337.2,3429.6,3539.6,3439.8,3568.6,3470.3,3659.7,3957.9,3694.4,3791.1,3686.8,3833.5,3590.3,3555.2,3668.6,3624.6,3820.6,3706.8,3970.2,3920.2,4224.1,4226,4277.4,4203.7,4284.9,4413.9,4542.4,4575.9,4571.6,4494.1,4552.1
" ""54000""",West Virginia,5,SQGDP2,76,71,"   Arts, entertainment, and recreation",Millions of current dollars,361.3,365.6,362.8,379.5,375.7,384.5,383.4,371,376.1,378.2,381.8,380.5,361.3,359.3,372.7,398.8,397.4,421.7,420.5,427.5,424.9,469.5,492,560.2,362.3,446,407.2,412.1,432.4,438.8,438.9,443.2,427,447.8,448.6,441.8,427.9,414.4,407.4,398,395.4,388.3,412.6,394.9,367,389.8,399.4,394.8,389.6,398.7,394.5,398.3,389.2,418.1,434.9,409,415.5,421.1,431.1
" ""55000""",Wisconsin,3,SQGDP2,76,71,"   Arts, entertainment, and recreation",Millions of current dollars,1633.9,1565.6,1627.9,1648.6,1753.6,1845.3,1794.7,1754.2,1759.9,1839.7,1811.2,1861.6,1750.1,1822,1946.1,1924.9,1772.2,1846.1,1774.3,1907.7,2032.9,1759.3,1932.1,1931.8,2119,1951.2,2143.8,1964.4,2006.8,2182,2079.7,2145.6,2049,2306,2129.2,2277.8,2297.9,2273.4,2346,2290.7,2095.6,2208.7,2125.2,2217.6,2130.5,2209.5,2304.4,2396.2,2471.9,2215.7,2370.5,2362.4,2688.8,2555.6,2727.5,2748.4,2629.4,2613.3,2618.9
" ""56000""",Wyoming,7,SQGDP2,76,71,"   Arts, entertainment, and recreation",Millions of current dollars,131.8,145.2,152.4,155.7,175.9,162.2,158.7,158.7,184,180.8,180.1,183.8,187.2,195.3,196.8,190.1,185.4,194.9,239.1,171.6,215.3,216.9,217.3,218,220.2,229.9,239.5,238.5,248.7,257.7,243.5,270.5,245.7,246.2,245.9,251.4,273.5,271.8,277,286.7,247.9,261,264.3,272.8,251,258.3,265.8,274.2,265.8,272.3,281.6,274.3,276.3,289.3,293.5,290.5,282.7,278.2,284.1