GeoFIPS,GeoName,Region,TableName,LineCode,IndustryClassification,Description,Unit,2005:Q1,2005:Q2,2005:Q3,2005:Q4,2006:Q1,2006:Q2,2006:Q3,2006:Q4,2007:Q1,2007:Q2,2007:Q3,2007:Q4,2008:Q1,2008:Q2,2008:Q3,2008:Q4,2009:Q1,2009:Q2,2009:Q3,2009:Q4,2010:Q1,2010:Q2,2010:Q3,2010:Q4,2011:Q1,2011:Q2,2011:Q3,2011:Q4,2012:Q1,2012:Q2,2012:Q3,2012:Q4,2013:Q1,2013:Q2,2013:Q3,2013:Q4,2014:Q1,2014:Q2,2014:Q3,2014:Q4,2015:Q1,2015:Q2,2015:Q3,2015:Q4,2016:Q1,2016:Q2,2016:Q3,2016:Q4,2017:Q1,2017:Q2,2017:Q3,2017:Q4,2018:Q1,2018:Q2,2018:Q3,2018:Q4,2019:Q1,2019:Q2,2019:Q3
" ""01000""",Alabama,5,SQGDP2,79,72,   Accommodation and food services,Millions of current dollars,3453,3480.4,3503,3600.1,3711.7,3722.7,3775.9,3809.7,3826.5,3890.1,3915.4,3988.9,3871.6,3918.1,3946.5,3950.6,3963.2,3958.8,3994.5,3964.1,4107.5,4137.9,4131.6,4138.5,4288,4281.3,4309.6,4351.7,4634.1,4654.4,4671,4747.7,4841.7,4869.1,4907.7,4923.4,4977.5,5108.7,5231.6,5300.8,5383.4,5470.6,5595.2,5645.1,5754.7,5749.1,5760.3,5874.9,5879.8,5940.6,6032.5,6070.2,6181.5,6341.5,6411,6588.8,6606.2,6651,6777.5
" ""02000""",Alaska,8,SQGDP2,79,72,   Accommodation and food services,Millions of current dollars,1019.2,1034.4,1037.3,1045.8,1078.5,1109.1,1109.5,1119.7,1145.2,1153.1,1180.7,1190.1,1275.7,1321.5,1324.2,1275.6,1261.1,1193.5,1196.9,1240,1195.8,1223.2,1242.2,1265.9,1187.1,1212.2,1218.4,1274.6,1270,1303.4,1301.6,1344.8,1347.1,1349.8,1358.4,1379.1,1391.2,1420.2,1448.3,1471,1511.2,1522.5,1538.3,1562.7,1559.1,1566.2,1544.2,1526.4,1491.8,1498.5,1526.7,1484.8,1523.5,1557.2,1585,1582.7,1600.6,1595.4,1604.8
" ""04000""",Arizona,6,SQGDP2,79,72,   Accommodation and food services,Millions of current dollars,7850.1,7965.4,8257.4,8503.8,8762.9,8916.9,8952.2,9053,9522.5,9436.1,9327.1,9480.9,8926.7,8853.5,8841.4,8721.7,8449.4,8394.9,8386.8,8439.6,8295.9,8485.3,8534.4,8650.2,8734.1,8899.6,9056.2,9112.9,9512.9,9524.6,9626.8,9778.3,9943,9946.1,10098.3,10118.1,9470.1,9582.7,9713.7,9880.7,10419.2,10425.2,10616.3,10729.1,10812.8,10912.6,11103.4,11273.1,11597,11964.5,12078.7,12251.1,12432,12715.6,12831,12998.1,12974,13019.9,13319.6
" ""05000""",Arkansas,5,SQGDP2,79,72,   Accommodation and food services,Millions of current dollars,2092.8,2126.7,2144.3,2183,2256.9,2267.7,2272.5,2338.2,2290.5,2299.3,2317,2344.9,2298.7,2305.2,2340.2,2334.1,2358.4,2346.4,2386,2375.9,2487.6,2538.6,2545.3,2560.6,2570,2580.3,2593.2,2652.9,2676.1,2728.3,2730.2,2801.6,2785.1,2789.9,2822.7,2810.4,2819.5,2926.7,2957.5,3041.7,3039.4,3159.7,3229.3,3272.8,3327,3336,3354.8,3419.8,3441.8,3470.6,3532.1,3562.8,3560.5,3597.6,3650.4,3675.4,3768.4,3811,3846.9
" ""06000""",California,8,SQGDP2,79,72,   Accommodation and food services,Millions of current dollars,44742.9,44833.5,45871.7,47012.4,48122.5,48704.6,49251.4,49858.7,49875.2,49658.3,49955.6,50077.6,50296.1,50698.4,50785.9,50209,48485.9,48177.7,48057.9,48317.3,48255.2,49031.3,49493.2,50184.8,51192.6,51746.6,52144.1,52648.9,53883.5,54235.2,54693.4,55332.4,56777.9,57469.9,58500.1,59771.6,61623.8,63850.1,66680.3,68020.6,71287.9,72214.1,73357,74935.4,77107.9,77880.7,78937.2,80739.6,80200.1,82342.6,83619.5,84668.4,86492.3,88270.9,89594.8,91079.9,93743.1,94587.4,95871.7
" ""08000""",Colorado,7,SQGDP2,79,72,   Accommodation and food services,Millions of current dollars,6892,6909.1,7009.9,7126.5,7379.1,7334.5,7392.4,7495,7549,7738.3,7809.2,7957.2,7885.5,7972.1,8026.3,7973,7625.6,7545.8,7610.7,7563.1,7621.9,7706.3,7831.9,7929.8,8045.9,8154,8214.2,8434.6,8617.9,8769,8870,8966.9,9298.1,9338.4,9461.7,9451.8,9389.2,9575.4,9786.1,9939.5,10487.3,10648.4,10839.6,10983.3,11002.8,11107,11344.3,11533.9,11688.3,11963.8,12092.1,12324.4,12511.7,12829.4,12877.7,13125.6,13196.3,13249.2,13464
" ""09000""",Connecticut,1,SQGDP2,79,72,   Accommodation and food services,Millions of current dollars,3764.5,3833.4,3919.1,3927,3979.3,4006.6,3989.5,4048,4031.5,4005.2,4033.5,4119,4215.2,4269.2,4295.3,4289.9,4423.7,4394.3,4441.5,4536.7,4614.1,4703,4754.4,4764.1,4689.5,4857.9,4998.2,5121.3,5239.5,5278,5346.7,5450.6,5354.6,5326.5,5354.5,5383.8,4959.4,5055.3,5172.6,5244.2,5572.9,5706.6,5812.6,5923.2,6115.5,6173.4,6204.2,6185.1,6462.4,6516.1,6524.9,6578.5,6689.8,6808.7,6883.5,6947.2,6976.7,7010.9,7112.5
" ""10000""",Delaware,2,SQGDP2,79,72,   Accommodation and food services,Millions of current dollars,1042.2,1042.2,1083.4,1076.5,1091.4,1093.1,1094,1119.9,1059.5,1054.4,1041.6,1094.1,1073.5,1086.7,1104.4,1098.1,1021.7,1010.8,1013.6,1046.2,1081.7,1046.5,1048.1,1091.9,1117.6,1128,1139.1,1112.9,1170.4,1182.1,1167.7,1171.7,1200,1198.3,1209.5,1211.1,1246.7,1291.2,1317.8,1331.7,1337.1,1378.1,1409.2,1432.3,1441,1455.6,1487.5,1483.4,1483.3,1483.7,1519.6,1533.5,1623,1653.4,1684.3,1708.8,1732.4,1744.9,1775.1
" ""11000""",District of Columbia,2,SQGDP2,79,72,   Accommodation and food services,Millions of current dollars,2604,2623.3,2697.4,2714.1,2738,2756,2759.4,2788.8,2983.1,3021.4,3037,3113.3,2982.2,3003.6,3022.9,2990.8,2954,2927.2,2950.8,3036.2,2951.4,3221.3,3280.6,3245.1,3195.1,3242.2,3326.1,3383.8,3518.9,3636.2,3610.2,3701.7,3846,3859,3889.6,3902.5,3865.6,3948.5,4079.1,4177.1,4182.6,4354,4380.9,4429.5,4263.6,4413.3,4462.2,4470.4,4573.3,4505.3,4603.7,4659.6,4751.3,4827.1,4835,4852.5,4892.2,4895.1,5011.6
" ""12000""",Florida,5,SQGDP2,79,72,   Accommodation and food services,Millions of current dollars,27741.1,27559.6,28432.1,28637.4,28851.7,28976.3,29232.4,29602.6,29060.4,29493.9,30221.6,30340.8,30363.8,30482.5,30506.8,30521,29612.1,29582.1,29442.4,29570.6,31301.5,31838.1,32029.1,32531.6,32933.6,33372,34080.6,34672.1,34430.6,34285.4,35113.3,35672.9,34987.3,35517.5,35903.8,36398,35628.8,36334.8,37245.1,37933.2,39302.8,39737,40624.7,41356.5,42203.2,42634,43434.8,43701,43490.1,44180.4,43877.3,45573.1,45943.3,46395.4,47240.1,47489.2,47969.5,48450,49162.6
" ""13000""",Georgia,5,SQGDP2,79,72,   Accommodation and food services,Millions of current dollars,10054.6,10048.3,10064.4,10313.7,10923.1,10830.9,10924.7,10888,10882.9,10747.6,10862.4,11034.8,10850.8,10864.5,10923,10814.2,10616.1,10615.5,10618.7,10472.9,10674.6,10755,10816.2,10848.5,11104.1,11213.2,11259.8,11365.2,11959.9,11935.3,11972.4,12098.2,12473.7,12525,12633,12792.7,13022.4,13517.5,13734.4,14058.6,13749.3,14036,14248.2,14454.8,14245.5,14397.2,14527.8,14715.5,15025.2,15048.6,15282.4,15351.3,15578.2,15870,16062.8,16252.8,16458.4,16536.6,16835.1
" ""15000""",Hawaii,8,SQGDP2,79,72,   Accommodation and food services,Millions of current dollars,5540.4,5483.5,5655,5830.4,5920.2,6017.6,6090.3,6078.4,5962.5,5933.1,6039.4,6124.7,5737.4,5693.4,5603.5,5339.6,4832.1,4852.8,4757.8,4943.8,4773.5,5092.9,5183.6,5307.9,5346.2,5502.3,5582.3,5751.6,5960.9,6098.7,6214.2,6274.1,6535.2,6522.3,6640.3,6651.3,6414.8,6525.2,6636.1,6831.9,6992.2,7108.2,7236.1,7360.5,7255.4,7373.5,7551.4,7693.5,7872.9,8101.5,8202.8,8302.2,8439.7,8511.2,8491.2,8521.1,8649.4,8732.9,8902.4
" ""16000""",Idaho,7,SQGDP2,79,72,   Accommodation and food services,Millions of current dollars,1140.8,1148.3,1149.9,1188.3,1235.5,1249.2,1271.4,1293.1,1298.8,1335.9,1354.5,1382,1383.6,1385.7,1377,1346.7,1333.1,1305.7,1299.2,1294.4,1342.6,1351.8,1358.4,1374.9,1360.5,1379.3,1369.4,1388.2,1439.5,1450.1,1470.6,1491.7,1477.9,1575.1,1580,1589.4,1613.3,1643.1,1687.4,1714.1,1817.3,1850.1,1895.6,1910,2063,2106.8,2105.1,2175.7,2244.1,2307.4,2345.9,2377.3,2436.7,2483.6,2528.2,2577,2610.8,2635.7,2674.1
" ""17000""",Illinois,3,SQGDP2,79,72,   Accommodation and food services,Millions of current dollars,13137.7,13407.1,13614.9,13689.9,14697.8,14895.1,14661.7,14978.4,16100.2,15960.6,16338.2,16834,16730.8,16825.2,16861.2,16587.7,16771.8,16405,16539.1,16588.3,16795.5,16937.3,17195.5,17321.4,17441.2,17627.3,17902,18157.4,18738,18950,18895.4,19086.4,19115.1,18997.4,19291.3,19582.7,19734.5,20527.4,21122.6,21427.2,22472.7,22960.4,23437.8,24115.5,23705.4,23902.8,24222.1,24322.1,24827.6,24889.5,25214.6,25377.2,25611.4,25932.6,26272.9,26305.1,26619,26913,27370.9
" ""18000""",Indiana,3,SQGDP2,79,72,   Accommodation and food services,Millions of current dollars,5449.6,5511.3,5535,5557.8,5880.2,5851,5856.2,5936.9,5880,5916.1,5911.1,6026.5,5920.9,6016.5,6119.6,6104.3,5939.2,5932,5980.5,5932.5,6092.2,6135.1,6158.6,6108.2,6289.7,6335.4,6363.8,6487.5,6983.8,7031.6,7111.4,7160.6,7221.7,7216.5,7247.4,7323.5,7410.8,7698.8,7853,7932.5,8146,8282.2,8378.1,8469.1,8772,8853.2,8906.6,8980.5,9087.6,9072.7,9154.9,9233.6,9412.1,9529.5,9637.4,9721.5,9774.4,9864.2,9970
" ""19000""",Iowa,4,SQGDP2,79,72,   Accommodation and food services,Millions of current dollars,2465.2,2459.9,2455.5,2487.3,2549.4,2535.4,2555.2,2603.4,2585.1,2660.3,2710.6,2774.1,2748.1,2754.7,2780.2,2801.4,2757.6,2766.6,2758.1,2695,2771.1,2774.9,2812,2799.5,2897.3,2936.9,2946.3,3042.7,3126.1,3228.2,3265.2,3322.6,3505,3492.5,3518.1,3577,3567.9,3643.7,3701.1,3809.6,3846.9,3940.8,3981,4015.6,4133.7,4139.5,4152.3,4169.4,4154.6,4162.4,4216.5,4218.9,4295.2,4329.4,4371.7,4401.7,4354.7,4372.1,4440.4
" ""20000""",Kansas,4,SQGDP2,79,72,   Accommodation and food services,Millions of current dollars,2766.9,2744.6,2757.1,2775.7,2911.8,2906.1,2904.8,2948.3,2855.3,2881.9,2819.8,2816.6,2836.1,2897.4,2903.3,2882.9,2955.1,2909.6,2980.7,3015.5,2942.3,2969.9,3020.4,3034.4,2935.7,3000.2,3039.1,3063.2,3207.6,3217.6,3205.9,3258.2,3254.8,3272.4,3326.3,3376.2,3455.7,3600.9,3679.1,3727.8,3858.2,3906.5,3947.5,3975.7,3933,3927.1,3939.6,3958.6,3963.8,4006.9,4074.9,4114.7,4156.2,4177,4219.7,4236.6,4257.5,4310,4396.5
" ""21000""",Kentucky,5,SQGDP2,79,72,   Accommodation and food services,Millions of current dollars,4184.3,4248.7,4271,4287.7,4438.9,4418.9,4427.5,4462.6,4567.7,4535.6,4545.8,4640.3,4688.6,4772.8,4818,4639,4458.8,4314.8,4370.9,4354.7,4469.9,4589.4,4669.4,4692.7,4628.9,4692,4720,4806.6,4764.3,4831.9,4832.8,4918.9,5208.2,5218.7,5293.9,5402.3,5460.5,5697.6,5784.6,5882.4,5882.4,6044.4,6146.8,6231,6360,6422.2,6551.3,6521.9,6406.7,6413.4,6437.4,6501.6,6599.6,6680.7,6795.6,6853.2,6900.3,6979.6,7080.8
" ""22000""",Louisiana,5,SQGDP2,79,72,   Accommodation and food services,Millions of current dollars,5262.2,5335.2,5104.4,4756.3,5105.5,5299.5,5500.3,5651.5,5745.2,5761.5,5810.6,5890.3,5657.8,5607.6,5608.2,5720.7,5998.8,5938.9,6126.5,6063.3,6196,6311.7,6494.4,6396.7,6118.5,6286.8,6278.9,6454.7,6570.9,6639.9,6632.3,6779.8,6994.6,7035.5,7214,7259.6,7418.6,7687.8,7905.9,8214.5,8415.7,8566.1,8740.1,8767.7,8779.9,8836.9,8741.6,8886.9,8939.2,8992.1,9063.6,9067,9143.8,9191.8,9146.8,9282.2,9273.2,9396.8,9501.8
" ""23000""",Maine,1,SQGDP2,79,72,   Accommodation and food services,Millions of current dollars,1537.6,1556.9,1572.2,1578.4,1642.5,1630.2,1629.5,1624.6,1638.2,1619.8,1631.3,1635,1596.2,1593.5,1592.6,1591,1571.2,1562.8,1566.7,1587.1,1616.7,1635.1,1670.7,1683.7,1668.2,1675.8,1722.5,1726.1,1834.9,1880.9,1877.3,1905,1985.6,2013.7,2030.3,2054.2,2066.7,2136.4,2200,2265.6,2243.9,2324.7,2360,2415.5,2454.8,2475,2527.2,2549.7,2673.5,2696,2736.5,2780.9,2819.5,2898.6,2930.4,2951.1,3021.1,3038.2,3102.8
" ""24000""",Maryland,2,SQGDP2,79,72,   Accommodation and food services,Millions of current dollars,6698.2,6867.4,7052.3,7056.2,7380.9,7443.5,7448.5,7448.6,7192,7095.8,7104.6,7225,7282.1,7427.1,7501.6,7533.2,7474.2,7490.9,7545,7621.6,7501,7798.8,7876.2,7971,7810.2,7971.5,8051.2,8231.4,8309.8,8473.9,8517.8,8593.3,8475,8449.7,8508.5,8573,8550,8881.4,9026.9,9175.6,9427.6,9711.5,9932.7,10013.5,10191.6,10328.7,10488.3,10559.4,10977.9,10980.9,11115.7,11123.5,11330,11486.6,11680,11786.2,11935.9,12036.8,12253.1
" ""25000""",Massachusetts,1,SQGDP2,79,72,   Accommodation and food services,Millions of current dollars,8831.9,8921.7,8976.7,8982.2,9078.9,9045.3,9061.7,9136.1,9189.7,9264,9324.5,9472.2,9464.8,9571.4,9671.7,9831.3,9593.6,9788.7,9924,10097.4,10112.1,10455.5,10624.3,10669.4,10631.6,10825,11011.3,11082.1,11462.5,11644.3,11688.1,11802.1,11973.3,12109.6,12188.7,12356.7,12246.1,12549.3,12830.4,13213.9,13365.7,13846.3,14105.1,14495.6,14491.1,14767.5,15093.5,15063.2,15388.5,15616.5,15801.4,15974.1,16063.3,16401.2,16553.6,16738.9,17234.1,17368.6,17662.1
" ""26000""",Michigan,3,SQGDP2,79,72,   Accommodation and food services,Millions of current dollars,8738.1,8802.1,8874.7,8807.5,8874.2,8800.5,8751.4,8986,9400.3,9520.5,9657.7,9703.7,9411.7,9458.4,9589.4,9469,9192.9,9252.8,9258.5,9182.8,9312.9,9348.4,9451.8,9479.3,9735.5,9956.7,10078,10472.6,11020.8,11271.7,11245.2,11466.9,11682.8,11689.1,11746.8,11862.9,11684.4,11990.1,12227.9,12399,12679.3,12774.3,13004.7,13256.9,13433.1,13671.8,13789.3,13801.3,14194.2,14226.7,14478.2,14520.1,15059.1,15152.6,15435.8,15546.8,15600.8,15754.2,15988.8
" ""27000""",Minnesota,4,SQGDP2,79,72,   Accommodation and food services,Millions of current dollars,5348.5,5447.5,5582.3,5563.9,5625.7,5588.7,5554,5640.6,5800.4,5851.5,5925.3,6015.1,5931.8,5879.9,5989.6,5948.8,5809.8,5805,5853.1,5930.4,5879.1,6088.4,6105.2,6160.8,6155.9,6293.6,6336.3,6376.4,6587.7,6596.6,6671.3,6856.5,7024.5,7064.8,7211.5,7164.3,7035,7153.6,7305.9,7320.4,7523.3,7737,7859.2,8146.9,8102.9,8295.8,8461,8568.6,8687.8,8751,8846.6,8859.6,8962.6,9078.1,9141.7,9277.1,9082.9,9199.4,9383.6
" ""28000""",Mississippi,5,SQGDP2,79,72,   Accommodation and food services,Millions of current dollars,3556.7,3507.1,3448.8,3377.8,3200.8,3300.6,3388.7,3609.4,3583.2,3609.8,3671.5,3748.2,3780.2,3686.4,3691.3,3647.7,3565.5,3535.8,3499.2,3476,3577.6,3626.9,3633.6,3621.9,3658,3686.1,3701.2,3721.9,3842.6,3771.4,3755.7,3803.8,3902.4,3854.8,3934.8,3889.3,3946.5,4020.5,4055,4062.9,4113.8,4124,4218.1,4232.7,4281.6,4289.6,4286,4386.8,4404,4514.8,4509.4,4527.7,4521.9,4613,4650.3,4766.5,4692.3,4738.8,4804.7
" ""29000""",Missouri,4,SQGDP2,79,72,   Accommodation and food services,Millions of current dollars,5799.4,5780.3,5941.3,5841.1,6024.4,5975.4,5969.7,6048.5,6147.1,6284.2,6270.2,6355.9,6270.1,6390.2,6449.9,6507.7,6414.9,6442.6,6419.9,6398.3,6547.4,6588.7,6655.3,6599.2,6557,6522.3,6574.4,6683.2,6840.9,6869.3,6895.6,7063.7,7211.5,7153.8,7259,7229.2,7125.3,7372.9,7474.1,7592.8,7970.8,8167.3,8309.9,8366.3,8451.6,8483.3,8494.8,8603.1,8840.7,8882.1,9051.8,9042.2,9212.6,9319.2,9453.3,9549,9503.5,9583.2,9727.4
" ""30000""",Montana,7,SQGDP2,79,72,   Accommodation and food services,Millions of current dollars,1032.7,1032.6,1045.2,1083.2,1105.8,1129,1136.5,1153.9,1169.6,1189.7,1190,1205.8,1175.8,1180.5,1189.3,1173.1,1169.3,1174,1185.4,1177.9,1173.4,1191.4,1206.6,1208.2,1238.2,1277.4,1272.5,1312.3,1374.7,1408.4,1419.3,1447.9,1507.1,1500.2,1524.6,1543.3,1552,1581.4,1648.5,1674.6,1723.8,1745.6,1771,1763.3,1791.6,1780,1785.6,1831.6,1798.3,1844.6,1848.9,1851.3,1877.1,1930.7,1931.4,1968.5,1998.6,2013.8,2047.3
" ""31000""",Nebraska,4,SQGDP2,79,72,   Accommodation and food services,Millions of current dollars,1634.2,1634.1,1620.9,1619.8,1682.3,1662.6,1651.6,1673.5,1704.1,1722.5,1734.1,1768.6,1771.3,1777.8,1810.1,1824.4,1812.1,1804.4,1820.5,1823.8,1873.5,1932,1947.9,1947.6,1969.8,1986,1963.7,1969.2,2026.1,2010.3,2040.7,2061.1,2101.9,2113.4,2154.2,2200.7,2227,2249.3,2302.6,2316.7,2382.3,2423.6,2459.3,2478.6,2523.5,2566.9,2565.7,2601.7,2617.2,2618.8,2656.5,2664.5,2698,2734.7,2751.1,2774.3,2777.1,2775.5,2830.5
" ""32000""",Nevada,8,SQGDP2,79,72,   Accommodation and food services,Millions of current dollars,17180.3,17970.1,18186.6,18463,18279.3,18804,18765.1,19234.7,18835.8,18621.6,19283.6,19253.9,18918,18373.3,18189.7,17530,16585.4,16350.7,16184.2,16527,16459.6,16819.2,17565.1,17537.6,17355.1,18120.5,18026.4,17954.1,18047.6,18151.7,17942.2,18042.7,19141.7,19141.9,19279.2,19489.9,19811.4,20162.5,20643.1,20870.8,21391,21734.7,21750.3,22065.4,21155.4,21398.4,21991,21431.7,21789.4,21696,22154.8,21797.3,22263.7,22408.6,22395,22849,22851.3,23015.9,23364.6
" ""33000""",New Hampshire,1,SQGDP2,79,72,   Accommodation and food services,Millions of current dollars,1727.1,1754.3,1761,1758,1743.2,1724.4,1718.1,1730.5,1791,1815.9,1806.7,1798.6,1751.9,1743,1738.5,1748.9,1805.1,1807.3,1837.2,1831.6,1809.7,1822.3,1856.4,1875.4,1842.8,1903.8,1959.7,1994.1,2008.2,2045.7,2060.8,2101.4,2268.7,2289.3,2304.2,2327.4,2246.2,2300.8,2352.6,2412.8,2478.1,2555.2,2596.8,2673.5,2660,2715.4,2762.5,2772.1,2909.7,2925,2970.8,3003.7,3056.7,3107.3,3143,3162.6,3218,3268.9,3305.7
" ""34000""",New Jersey,2,SQGDP2,79,72,   Accommodation and food services,Millions of current dollars,10267.7,10498,10480.9,10520,10971,11002.3,11182.8,11278.8,11390,11488.4,11608,11913.6,12026.3,11960.6,11887.6,11666.1,10601.3,10474,10329.6,10232.2,10080.3,10420.8,10680.8,10820.3,11245,11657.8,11585.5,11921.4,12110.1,12322.9,12149.3,12109.2,12649.7,12596.9,12708.2,12806.8,12661.2,12568.7,13012,12764.3,12962.6,12965.3,13103.8,13361.7,13583.7,13439,13604.8,13636.2,13802.8,13751.3,14005,14161.7,14605.9,15438,15194.3,15314.9,14802.8,14941.4,15205.7
" ""35000""",New Mexico,6,SQGDP2,79,72,   Accommodation and food services,Millions of current dollars,2066.7,2085.3,2093.6,2116.9,2200.7,2229.2,2251.6,2273.1,2309.1,2284,2311.9,2352.7,2378.6,2392.4,2399.3,2394.5,2479.6,2450.2,2483.2,2494.7,2449.6,2468.6,2474.6,2491.2,2369.2,2415.3,2424.3,2469.7,2473.6,2496.7,2532.8,2539,2607,2631.6,2669.1,2729.9,2781.5,2856.5,2916,2965.9,2993.9,3011.8,3037,3044.1,3139,3142.4,3163.8,3164.8,3163.9,3165,3188.3,3218.4,3279.8,3342.7,3378.7,3424.1,3439,3454.2,3491.8
" ""36000""",New York,2,SQGDP2,79,72,   Accommodation and food services,Millions of current dollars,23469.9,24079.9,24366.4,24660.9,24897.5,25439.8,25530.1,25956.8,26028,26409.1,26727.6,27319.7,27926.1,28069.3,28448.8,28401.5,26885.9,27235.5,27652.6,28528.6,28085.2,29298.3,29920.7,30309.7,30781.2,31726.8,31854,32340.6,34511.9,34446,34886.4,35076.9,36911,37247.2,37594.5,38357.1,36214.4,37142,38044.4,38916.5,37875.8,39300.4,40078.2,40858.5,40756.7,41697.4,42721.7,43042.6,44411.5,44771,45376.5,45369.9,45511,46164.7,46095.2,46697.6,47409.8,47375.3,48591.2
" ""37000""",North Carolina,5,SQGDP2,79,72,   Accommodation and food services,Millions of current dollars,7649.3,7704.6,7783.1,7881.7,8223.2,8241.9,8390.2,8560.6,8857.3,8987.4,8979.8,9064.2,8913.5,8921.6,9046.3,9021.5,8831,8872.8,8924,8886.5,9074.1,9241,9369.4,9373.9,9605,9650.6,9647.6,9825.4,10289.1,10373.7,10424.5,10654.8,11003.2,11098.9,11272.6,11424.5,11941.1,12305.9,12546.5,12714.2,13319,13524.1,13754.1,13855,14410,14633.3,14800.2,14809.1,15363.7,15343,15658.9,15651.8,15941.6,16212.6,16398.7,16714.6,16912.9,17021.2,17287.2
" ""38000""",North Dakota,4,SQGDP2,79,72,   Accommodation and food services,Millions of current dollars,669.5,680.5,682.3,698,749.7,769.9,787,813.2,901.2,925.6,930.9,965.9,1017.8,1017.2,1010.7,971.2,888.3,850.9,870.3,865.7,846.3,883.3,888.9,893.3,901.6,922.7,949.6,1022.7,1141.5,1199.5,1220.3,1260.7,1263.5,1273.4,1308.6,1334.4,1284.4,1328.1,1364.3,1392.3,1331.4,1310.6,1285.7,1254.1,1205.1,1188.3,1167.9,1168.7,1179.6,1191.5,1197.5,1192.8,1208.1,1232.8,1244.2,1248.4,1250.1,1243.4,1258.9
" ""39000""",Ohio,3,SQGDP2,79,72,   Accommodation and food services,Millions of current dollars,9930.6,9952.9,9990.1,9961.6,10077.7,9919.2,9942.8,10095.4,10449.6,10520.3,10550.1,10636.8,10435.4,10492.5,10599,10559.7,10389.3,10424.9,10399.5,10332.2,10636,10745.7,10817.3,10862.1,11149.9,11285,11371.7,11550.9,12027,12164,12304.9,12536.5,13157.3,13227.6,13460.3,13652.3,13701.3,14108,14454,14660.3,14881,15169.7,15372.8,15662.2,15722.9,15878.7,16030.8,16171.5,16342.1,16408.6,16541.4,16574.9,16775.2,17069.4,17205.4,17365.2,17518.4,17655.5,17995.6
" ""40000""",Oklahoma,6,SQGDP2,79,72,   Accommodation and food services,Millions of current dollars,3586.6,3648.9,3671.8,3782.7,3910.1,3956.9,3920.2,3916.4,3866.4,3809.8,3829.1,3841,4149.2,4169.9,4186.2,4136.7,4492,4406.9,4555.1,4755,4229.1,4360,4424.9,4466.2,3926.8,4135.1,4149.1,4326.9,4197.1,4310.5,4291.4,4466.9,4566.2,4582.6,4687.4,4673.9,4726.6,4859.9,4973.3,5046.2,5097.8,5150,5244.4,5272.6,5256.5,5261,5220,5301.8,5255.5,5368.9,5341.9,5425.8,5519.6,5617.8,5659.3,5724.4,5756.5,5754.7,5801.7
" ""41000""",Oregon,8,SQGDP2,79,72,   Accommodation and food services,Millions of current dollars,3648.3,3672.8,3713,3806.6,3911.5,3959.6,4000.7,4071.1,4163,4214.9,4251.7,4277.4,4172.9,4192.5,4216.6,4185.4,4078.6,4130.6,4161.3,4134.2,4297.7,4323.7,4320,4354.1,4529.2,4577.6,4599.5,4726,4973.5,5058,5114.3,5152.3,5116.2,5113.8,5179.6,5217.9,5526.5,5726.5,5913.7,6020.4,6453.1,6518.1,6641.6,6734.1,6997.6,7080.2,7122.9,7258.4,7475.1,7663.7,7862.2,7976.6,8166,8308.1,8413.4,8621.2,8650.5,8735.4,8825.1
" ""42000""",Pennsylvania,2,SQGDP2,79,72,   Accommodation and food services,Millions of current dollars,11257.4,11423.9,11596.3,11579.5,11618.4,11627.8,11627.3,11751.4,12184.8,12070.6,12188.9,12367,12073.2,12120.2,12223.3,12232.3,12114.5,12121.4,12232.7,12423.4,12426.4,12889.6,13039.9,13156.4,13170.1,13416.1,13607.8,13873.3,14077.7,14209.1,14326.7,14502.2,14762.6,14772.2,14863.1,15034.3,14836.3,15153.9,15498.4,15698,15908.2,16175.1,16414.3,16582.6,16586.8,16810.8,17022.4,17038.1,17307.5,17484.8,17651.1,17796.3,17979,18256.5,18352.6,18568.9,18647.8,18800.6,19087.3
" ""44000""",Rhode Island,1,SQGDP2,79,72,   Accommodation and food services,Millions of current dollars,1385.8,1397.4,1432.2,1448.9,1455.1,1476.3,1469.7,1468.3,1427.8,1402.7,1393.4,1414.5,1457.2,1482.9,1491.8,1541.6,1431.3,1457.6,1467.8,1483,1563.7,1577,1606,1580.7,1608.6,1626.9,1653.9,1674.6,1769.5,1783.7,1780.8,1803.4,1842.5,1844.1,1850.9,1875.4,1758.1,1797,1827.9,1873.9,1859.6,1954.8,1990.6,2032.7,2018.2,2045.3,2086.6,2093.1,2116.6,2146.6,2187.3,2204.7,2213.4,2272.6,2298.2,2338.6,2381,2414.7,2465.9
" ""45000""",South Carolina,5,SQGDP2,79,72,   Accommodation and food services,Millions of current dollars,4852.2,4873.5,4914.5,4905.3,5147.5,5181.9,5278,5505.5,5936.2,6069.8,6079.7,6113.9,5745.1,5630.1,5622.4,5557.7,5574.9,5499.1,5574.4,5524.2,5685.8,5688.2,5803.5,5768.6,5849.7,5970.3,5958.4,6058.4,6310.7,6417,6414.4,6576.5,7194.6,7284.4,7448.9,7530.1,7636.3,7939,8060.5,8214.4,8398.4,8442.7,8570.5,8630.8,8831.6,8794.7,8938.6,8919,8947.6,9023.8,9139.9,9251.2,9363,9547,9627.1,9844.1,9962,10066.2,10220.5
" ""46000""",South Dakota,4,SQGDP2,79,72,   Accommodation and food services,Millions of current dollars,932.5,956.4,954.5,973.9,1046.1,1055.5,1034,1046.1,1089,1090.4,1087.1,1126.5,1130.2,1154.2,1148.2,1127,933.4,906,903.6,884.8,923.6,944.4,958.2,948.3,967.8,967.9,981.1,1003.7,1073.2,1102.4,1108.7,1131.2,1295.3,1312,1337.5,1364.1,1381,1405.5,1434.2,1463.2,1485.3,1508.7,1544.4,1542.9,1563.9,1577.1,1560.1,1595.2,1614.5,1630.6,1626.2,1645,1661.1,1689.4,1694.5,1694.3,1696.8,1706.5,1726.3
" ""47000""",Tennessee,5,SQGDP2,79,72,   Accommodation and food services,Millions of current dollars,7050.8,7080.7,7105.9,7204.5,7636.6,7758.8,7775.4,8017.3,8362.1,8408.8,8345.3,8860.5,7999.7,7725.9,7753.9,7568.6,7528.6,7546.4,7517.5,7389.6,7637.1,7715.6,7734.1,7908.2,8040.1,8075.2,8166.9,8189.6,8639,8659.6,8620,8756.2,8966.6,9005.1,9146.5,9221.4,9538,9866.1,10077.8,10285.6,10621.6,10973.7,11166.6,11290.1,11656.5,11807.4,11858.6,12032.8,12428.9,12480.9,12647.2,12834.1,13148,13366,13835.9,13786.8,13998.1,14126,14343.8
" ""48000""",Texas,6,SQGDP2,79,72,   Accommodation and food services,Millions of current dollars,26031.3,26347.1,26606,27122.4,29358.6,29209.4,29591.6,29886.7,30360.6,30673.8,30988.2,31338.4,31226,31603.8,31706.4,31694.5,31506.1,31280.5,31453.6,31560,31963.8,32480.5,32926.5,33352.1,32698.7,33357.7,33834.5,34573.6,35183.9,36062.7,36381.7,37211.4,36828.1,37265.4,37829.1,38371.8,40580.5,42120.2,43299,44508.9,45666.4,46592.3,47312.3,47468.9,47665.7,47755.8,48102.4,48646.9,48080.1,48649.5,49293.4,50020.7,50918.4,52036.4,52767.3,53423.7,53929.7,54403.2,55391.7
" ""49000""",Utah,7,SQGDP2,79,72,   Accommodation and food services,Millions of current dollars,2202.1,2236.2,2262.1,2317.6,2487.8,2519.7,2577.2,2645.5,2712.8,2751.9,2804.6,2854.7,2829.9,2839,2860.2,2844.7,2671.8,2662.3,2616.2,2618.9,2658,2696.5,2741,2769.3,2791.1,2834.4,2885.5,2942.2,2974.7,3055.8,3091.6,3176.3,3178.8,3223.6,3214.5,3268.4,3293.4,3405.3,3468.5,3522.4,3673.3,3749,3845.9,3879.1,3895.7,3953.5,4027.5,4090.8,4202.5,4193.6,4283.4,4290.6,4366.1,4430.2,4496.7,4549.5,4580.9,4576.6,4633.3
" ""50000""",Vermont,1,SQGDP2,79,72,   Accommodation and food services,Millions of current dollars,1055.6,1072,1083.8,1078.1,1084.9,1075.7,1093.1,1080.6,1077.6,1123,1119.8,1126.6,1099.5,1104,1108.1,1126,1075.5,1046.2,1059.3,1081.4,1074.2,1106.5,1119.2,1144.7,1137.6,1169,1171,1182.8,1208.1,1210.6,1260.2,1274.4,1333.7,1322.9,1325.7,1347.9,1345.1,1371.7,1399.1,1406.1,1504.6,1533.4,1534,1553.8,1536.8,1571.9,1637.9,1621.1,1719.7,1736.9,1770.4,1755.9,1742.5,1793.2,1801.8,1812.6,1819.1,1834.3,1864.7
" ""51000""",Virginia,5,SQGDP2,79,72,   Accommodation and food services,Millions of current dollars,8637,8719.9,8902.6,8961.4,9311.6,9312,9383.8,9509.2,9816.2,9907.8,9900.1,9926,9738.2,9728.9,9730.7,9738.3,9589.7,9578.9,9675,9742.7,9559.6,9894.7,9986.1,10025.6,10003.9,10117.7,10123.4,10301.3,10485.6,10521.9,10543.9,10727.3,10852,10832.4,10935.2,10982.7,10868.7,11178.4,11446.7,11623.1,11902.1,12270.5,12569.2,12638.7,12796.9,13010.8,13202.6,13278.1,13598,13710.5,13880.5,13956.7,14178.6,14365.3,14467.2,14612.2,14797.3,14924.5,15153.7
" ""53000""",Washington,8,SQGDP2,79,72,   Accommodation and food services,Millions of current dollars,7473.8,7496.2,7652,8054.2,8376.8,8740.7,8545.1,8785.3,9137.1,9142.4,9153.1,9340.3,9159.8,9203.6,9011.6,8898.6,8349.1,8408.2,8435.1,8186,8610.7,8890.5,8983,9108.8,9694.9,9144.7,9243.5,9629.7,10489.3,9736.4,9660.7,10968.2,10674.3,10992.6,11336.7,10721.7,11310.1,11394.3,11598.4,12154.9,12559.9,13086.9,13626,13147.2,14239.1,14323.8,14186.3,14706.9,15374.7,15983.5,15892.5,16214.3,16411.5,16648.6,16642.4,17775,17500.5,17706.9,17867.9
" ""54000""",West Virginia,5,SQGDP2,79,72,   Accommodation and food services,Millions of current dollars,1640.7,1655.5,1661.7,1670.6,1681.3,1715.1,1711.8,1738.7,1687.3,1738.6,1758,1809,1813.5,1820.2,1854.8,1853.2,1859.2,1825.9,1852.4,1839.3,1874.3,1906.7,1935.6,1907.8,2106.7,2126.6,2128.9,2199.6,2281.9,2298.7,2295.3,2312.9,2400.2,2356.2,2348.7,2358.9,2329.9,2398.7,2438.9,2461.1,2475.8,2512.4,2495.4,2488.6,2412.6,2421.2,2405.9,2392.3,2442.3,2419.8,2457.5,2429.5,2503.3,2484,2514.1,2537.4,2547.8,2595.6,2641.1
" ""55000""",Wisconsin,3,SQGDP2,79,72,   Accommodation and food services,Millions of current dollars,4911.8,4986.5,5005.8,5006,5137.4,5131.3,5155.9,5192.9,5187.4,5179.6,5193.2,5280.7,5212,5264.7,5361,5374.6,5348.7,5334.2,5395.2,5339,5428.2,5437.4,5457,5526,5631.8,5713.4,5743.9,5792.8,5945.9,6089.4,6007.7,6110.2,6231.8,6277.8,6364.2,6436.5,6556.7,6713.3,6839.7,6930,7041.9,7134.5,7222.5,7312.5,7303.8,7339.6,7451.9,7491.1,7580,7679.8,7744,7811.2,7926.4,7988.3,8081.6,8173.6,8152.9,8231.1,8359.9
" ""56000""",Wyoming,7,SQGDP2,79,72,   Accommodation and food services,Millions of current dollars,833.2,802.2,798.3,824,927.6,931.4,1229.3,969.7,1005.7,998,999.8,1102.9,1091.6,1067.4,1065,1056,1064.9,1028.4,1011.2,961.4,985.2,990.6,1005.4,1003.4,1016.9,1058.7,1057.5,1093.7,1132.6,1134.1,1138.3,1148.2,1249.9,1152.3,1144.6,1149.5,1161.5,1188.6,1210.5,1240.8,1306.1,1310.5,1319.4,1310.8,1299.1,1310.7,1282.7,1304.7,1296.3,1355.6,1380.5,1388.7,1428,1448.2,1468.3,1484.7,1534.5,1546.7,1585.1