state,population
AL,5025437
AK,733383
AZ,7158104
AR,3011530
CA,39555703
CO,5775326
CT,3607750
DE,989950
DC,689544
FL,21538207
GA,10713861
HI,1455267
ID,1839123
IL,12821741
IN,6786605
IA,3190582
KS,2937986
KY,4506287
LA,4657894
ME,1363218
MD,6181640
MA,7033112
MI,10079362
MN,5706733
MS,2961264
MO,6154913
MT,1084221
NE,1961980
NV,3105593
NH,1377573
NJ,9289024
NM,2117492
NY,20203696
NC,10441392
ND,779136
OH,11799445
OK,3959354
OR,4237282
PA,13002753
RI,1097357
SC,5118250
SD,886656
TN,6912319
TX,29149498
UT,3271601
VT,643077
VA,8631419
WA,7707519
WV,1793759
WI,5894323
WY,576872
PR,3193694
