state,date,positive,negative,positiveIncrease,negativeIncrease,bigFlag,negativeJump,positiveJump
MO,20200312,1,64,0,64,1,1,0
OK,20200308,1,8,0,8,1,1,0
TN,20200311,7,50,0,50,1,1,0
VI,20200325,17,55,0,55,1,1,0
TX,20200317,64,1204,7,1204,0.890625,1,0.109375
WA,20200306,79,370,9,370,0.886075949367089,1,0.113924050632911
PA,20200311,15,88,3,88,0.8,1,0.2
MA,20200313,123,92,28,92,0.772357723577236,1,0.227642276422764
GA,20200318,197,1311,51,1311,0.741116751269036,1,0.258883248730964
HI,20200318,14,93,4,93,0.714285714285714,1,0.285714285714286
NJ,20200308,6,31,2,31,0.666666666666667,1,0.333333333333333
RI,20200308,3,30,1,30,0.666666666666667,1,0.333333333333333
NC,20200312,12,60,5,60,0.583333333333333,1,0.416666666666667
UT,20200312,4,131,2,131,0.5,1,0.5
IN,20200310,6,30,4,30,0.333333333333333,1,0.666666666666667
WY,20200317,10,95,7,95,0.3,1,0.7
CT,20200308,1,29,1,29,0,1,1
AL,20200322,138,1464,14,1436,0.879425041577572,0.980874316939891,0.101449275362319
OH,20200325,704,14060,140,13920,0.791179037889564,0.990042674253201,0.198863636363636
HI,20200323,56,2955,8,2692,0.76814116509548,0.910998307952623,0.142857142857143
CA,20200316,335,7981,42,7065,0.75985428078253,0.885227415110888,0.125373134328358
AZ,20200327,736,7455,159,7108,0.737421448983758,0.95345405767941,0.216032608695652
NJ,20200324,3675,8325,831,7966,0.730754427897285,0.956876876876877,0.226122448979592
UT,20200319,78,1448,15,1317,0.717222694432639,0.909530386740332,0.192307692307692
IA,20200320,45,642,7,559,0.715160955347871,0.870716510903427,0.155555555555556
CT,20200321,194,2106,0,1502,0.713200379867046,0.713200379867046,0
ND,20200313,1,39,0,27,0.692307692307692,0.692307692307692,0
KS,20200324,98,2086,16,1669,0.636830571154636,0.800095877277085,0.163265306122449
MA,20200314,138,352,15,260,0.629940711462451,0.738636363636364,0.108695652173913
TN,20200324,667,10517,52,7245,0.610923643436435,0.68888466292669,0.077961019490255
SD,20200314,9,182,0,109,0.598901098901099,0.598901098901099,0
NE,20200324,52,975,2,619,0.596410256410256,0.634871794871795,0.038461538461539
DC,20200314,10,49,0,29,0.591836734693878,0.591836734693878,0
AK,20200314,1,143,0,84,0.587412587412587,0.587412587412587,0
KS,20200311,1,41,0,24,0.585365853658537,0.585365853658537,0
PR,20200318,5,31,0,18,0.580645161290323,0.580645161290323,0
LA,20200321,585,2180,106,1612,0.558252960087822,0.739449541284404,0.181196581196581
LA,20200310,1,11,0,6,0.545454545454545,0.545454545454545,0
MS,20200316,12,277,2,193,0.530084235860409,0.696750902527076,0.166666666666667
MA,20200317,218,1541,54,1189,0.523870476099757,0.771576898118105,0.247706422018349
PA,20200316,76,670,13,465,0.522977219167321,0.694029850746269,0.171052631578947
SD,20200313,9,73,1,46,0.519025875190259,0.63013698630137,0.111111111111111
FL,20200321,658,6579,138,4709,0.506035830132812,0.715762273901809,0.209726443768997
CT,20200319,96,604,28,479,0.501379690949227,0.793046357615894,0.291666666666667
MI,20200326,2856,6550,562,4481,0.487343425919986,0.68412213740458,0.196778711484594
NY,20200313,421,2779,205,2687,0.479958699407415,0.966894566390788,0.486935866983373
MT,20200316,7,198,0,95,0.47979797979798,0.47979797979798,0
SD,20200326,46,1973,5,1154,0.476200445139823,0.584896097313735,0.108695652173913
NV,20200319,95,1626,40,1458,0.47562633521072,0.896678966789668,0.421052631578947
NE,20200316,18,170,1,90,0.473856209150327,0.529411764705882,0.055555555555556
CO,20200308,8,104,0,49,0.471153846153846,0.471153846153846,0
PR,20200319,5,56,0,25,0.446428571428571,0.446428571428571,0
SD,20200315,9,327,0,145,0.443425076452599,0.443425076452599,0
TN,20200321,371,3272,143,2709,0.442489241394763,0.827933985330073,0.38544474393531
FL,20200306,9,55,0,24,0.436363636363636,0.436363636363636,0
RI,20200309,3,53,0,23,0.433962264150943,0.433962264150943,0
ND,20200315,1,95,0,41,0.431578947368421,0.431578947368421,0
WA,20200308,102,640,0,270,0.421875,0.421875,0
MN,20200325,287,11188,25,5638,0.41682477118964,0.503932785126922,0.087108013937282
NH,20200314,7,212,1,118,0.413746630727763,0.556603773584906,0.142857142857143
DC,20200311,4,20,-1,3,0.4,0.15,-0.25
OR,20200309,14,165,0,65,0.393939393939394,0.393939393939394,0
WI,20200306,1,31,0,12,0.387096774193548,0.387096774193548,0
RI,20200312,5,94,0,36,0.382978723404255,0.382978723404255,0
MT,20200313,1,55,0,21,0.381818181818182,0.381818181818182,0
NH,20200305,2,16,0,6,0.375,0.375,0
MI,20200312,2,91,0,34,0.373626373626374,0.373626373626374,0
NC,20200318,63,1787,23,1313,0.369671614215543,0.734750979294908,0.365079365079365
CT,20200309,1,46,0,17,0.369565217391304,0.369565217391304,0
MD,20200307,3,41,0,15,0.365853658536585,0.365853658536585,0
OR,20200305,3,45,0,16,0.355555555555556,0.355555555555556,0
VT,20200311,1,62,0,22,0.354838709677419,0.354838709677419,0
KS,20200310,1,17,0,6,0.352941176470588,0.352941176470588,0
VT,20200315,4,348,0,121,0.347701149425287,0.347701149425287,0
VA,20200315,45,363,15,246,0.34435261707989,0.677685950413223,0.333333333333333
ID,20200316,5,265,0,91,0.343396226415094,0.343396226415094,0
AR,20200317,22,197,0,65,0.32994923857868,0.32994923857868,0
NH,20200325,108,2356,7,909,0.321008614726781,0.385823429541596,0.064814814814815
VT,20200313,2,142,0,45,0.316901408450704,0.316901408450704,0
FL,20200310,19,222,1,82,0.316737790422001,0.369369369369369,0.052631578947369
RI,20200316,21,308,1,110,0.30952380952381,0.357142857142857,0.047619047619048
KY,20200308,1,13,0,4,0.307692307692308,0.307692307692308,0
PR,20200317,5,13,0,4,0.307692307692308,0.307692307692308,0
VA,20200317,67,961,16,523,0.305418795719633,0.544224765868887,0.238805970149254
TX,20200320,194,5083,51,2871,0.301937324942045,0.564823922880189,0.262886597938144
HI,20200322,48,263,11,139,0.299350443599493,0.52851711026616,0.229166666666667
KS,20200317,15,382,4,216,0.298778359511344,0.565445026178011,0.266666666666667
OR,20200306,3,64,0,19,0.296875,0.296875,0
AR,20200314,12,65,3,35,0.288461538461538,0.538461538461538,0.25
NM,20200317,23,1249,6,683,0.285967904758589,0.546837469975981,0.260869565217391
DC,20200309,1,14,0,4,0.285714285714286,0.285714285714286,0
NM,20200318,28,2326,5,1077,0.284455226630635,0.463026655202064,0.178571428571429
AZ,20200312,9,82,0,23,0.280487804878049,0.280487804878049,0
ND,20200314,1,54,0,15,0.277777777777778,0.277777777777778,0
NM,20200315,13,482,3,245,0.277529524417491,0.508298755186722,0.230769230769231
SC,20200324,298,2012,-1,546,0.274727474081684,0.271371769383698,-0.003355704697987
NY,20200318,2382,12215,682,6709,0.262928712512626,0.549242734343021,0.286314021830395
IA,20200323,105,2043,15,828,0.262429200755192,0.405286343612335,0.142857142857143
NH,20200312,6,94,2,56,0.26241134751773,0.595744680851064,0.333333333333333
AK,20200325,42,1649,6,663,0.25920471281296,0.402061855670103,0.142857142857143
DC,20200322,98,957,21,451,0.256978653530378,0.471264367816092,0.214285714285714
OK,20200312,3,36,1,21,0.25,0.583333333333333,0.333333333333333
ID,20200324,50,1887,3,578,0.246306306306306,0.306306306306306,0.06
DC,20200320,71,501,32,348,0.243906553091001,0.694610778443114,0.450704225352113
IA,20200312,14,67,1,21,0.242004264392324,0.313432835820896,0.071428571428572
SC,20200314,13,110,1,35,0.241258741258741,0.318181818181818,0.076923076923077
SD,20200316,10,494,1,167,0.238056680161943,0.338056680161943,0.1
NE,20200310,3,47,0,11,0.234042553191489,0.234042553191489,0
DE,20200313,4,30,0,7,0.233333333333333,0.233333333333333,0
SC,20200312,10,48,1,16,0.233333333333333,0.333333333333333,0.1
ND,20200316,1,123,0,28,0.227642276422764,0.227642276422764,0
KS,20200313,6,93,2,52,0.225806451612903,0.559139784946237,0.333333333333333
CO,20200317,160,1056,29,429,0.225,0.40625,0.18125
OK,20200316,10,174,1,56,0.22183908045977,0.32183908045977,0.1
MT,20200317,8,303,1,105,0.221534653465346,0.346534653465346,0.125
CO,20200318,183,1617,23,561,0.221255715400914,0.346938775510204,0.12568306010929
IN,20200319,56,324,17,170,0.221119929453263,0.524691358024691,0.303571428571429
OH,20200310,3,14,0,3,0.214285714285714,0.214285714285714,0
MD,20200308,3,52,0,11,0.211538461538462,0.211538461538462,0
IL,20200316,93,932,29,483,0.206412386358392,0.518240343347639,0.311827956989247
KY,20200313,11,107,3,51,0.203908241291419,0.476635514018692,0.272727272727273
NC,20200316,33,296,1,69,0.202805077805078,0.233108108108108,0.03030303030303
NM,20200322,57,4722,0,951,0.201397712833545,0.201397712833545,0
NC,20200317,40,474,7,178,0.200527426160338,0.375527426160338,0.175
NH,20200306,2,20,0,4,0.2,0.2,0
IN,20200312,12,52,2,19,0.198717948717949,0.365384615384615,0.166666666666667
NM,20200314,10,237,0,47,0.19831223628692,0.19831223628692,0
OR,20200316,39,579,3,159,0.197688322040654,0.274611398963731,0.076923076923077
AR,20200321,118,567,22,216,0.194511702986279,0.380952380952381,0.186440677966102
SC,20200313,12,75,2,27,0.193333333333333,0.36,0.166666666666667
MT,20200318,10,499,2,196,0.192785571142285,0.392785571142285,0.2
WY,20200323,26,592,2,154,0.183212058212058,0.260135135135135,0.076923076923077
LA,20200324,1388,7215,216,2439,0.182426141503951,0.338045738045738,0.155619596541787
LA,20200314,69,109,33,72,0.182289589150379,0.660550458715596,0.478260869565217
KY,20200325,157,2865,33,1123,0.181780993986283,0.391972076788831,0.210191082802548
KY,20200312,8,56,0,10,0.178571428571429,0.178571428571429,0
MS,20200314,6,84,2,43,0.178571428571429,0.511904761904762,0.333333333333333
MT,20200319,12,761,2,262,0.177617170389838,0.344283837056505,0.166666666666667
WY,20200319,18,271,3,93,0.176506765067651,0.343173431734317,0.166666666666667
VT,20200309,1,34,0,6,0.176470588235294,0.176470588235294,0
WA,20200309,136,1110,34,470,0.173423423423423,0.423423423423423,0.25
TX,20200322,334,8422,30,2204,0.171875199968147,0.261695559249584,0.089820359281437
TN,20200316,52,270,13,113,0.168518518518518,0.418518518518519,0.25
NE,20200321,38,356,6,116,0.167947959787108,0.325842696629213,0.157894736842105
KY,20200316,21,234,5,95,0.167887667887668,0.405982905982906,0.238095238095238
RI,20200324,106,1120,0,188,0.167857142857143,0.167857142857143,0
WI,20200317,72,1038,25,534,0.167228644829801,0.514450867052023,0.347222222222222
LA,20200326,2305,15724,510,6068,0.164648759429883,0.385906893920122,0.221258134490239
AR,20200323,174,906,9,195,0.163507650148436,0.21523178807947,0.051724137931035
VA,20200319,94,1829,17,628,0.162505961867315,0.343357025697102,0.180851063829787
KY,20200317,22,295,1,61,0.161325115562404,0.206779661016949,0.045454545454546
MA,20200323,777,8145,131,2686,0.161175698192273,0.329772866789441,0.168597168597169
OR,20200310,15,213,1,48,0.15868544600939,0.225352112676056,0.066666666666667
LA,20200323,1172,4776,335,2115,0.157003018505497,0.442839195979899,0.285836177474403
GA,20200326,1525,7401,278,2469,0.151308485118316,0.333603567085529,0.182295081967213
VT,20200310,1,40,0,6,0.15,0.15,0
GU,20200323,29,161,2,35,0.148425787106447,0.217391304347826,0.068965517241379
IN,20200313,12,61,0,9,0.147540983606557,0.147540983606557,0
SD,20200312,8,27,3,14,0.143518518518519,0.518518518518518,0.375
KY,20200311,8,46,2,18,0.141304347826087,0.391304347826087,0.25
OK,20200315,9,118,5,82,0.139359698681733,0.694915254237288,0.555555555555556
WI,20200309,1,36,0,5,0.138888888888889,0.138888888888889,0
CT,20200322,223,2877,29,771,0.137942643916262,0.267987486965589,0.130044843049327
GU,20200321,15,108,1,22,0.137037037037037,0.203703703703704,0.066666666666667
NC,20200321,184,5092,47,1996,0.136552648656033,0.391987431264729,0.255434782608696
ND,20200320,20,800,5,307,0.13375,0.38375,0.25
WY,20200318,15,178,5,83,0.132958801498127,0.466292134831461,0.333333333333333
PR,20200322,23,183,2,40,0.131622713233547,0.218579234972678,0.086956521739131
WY,20200320,19,331,1,60,0.128637303227858,0.181268882175227,0.052631578947369
AZ,20200313,9,94,0,12,0.127659574468085,0.127659574468085,0
AR,20200325,280,1437,62,490,0.119559598369619,0.340988169798191,0.221428571428571
AR,20200315,16,103,4,38,0.118932038834951,0.368932038834951,0.25
DC,20200316,17,96,1,17,0.118259803921569,0.177083333333333,0.058823529411765
WI,20200320,206,3455,51,1263,0.117984347997134,0.365557163531114,0.247572815533981
KY,20200323,104,1762,5,290,0.116508774993452,0.164585698070375,0.048076923076923
NC,20200315,32,227,9,90,0.11522577092511,0.39647577092511,0.28125
TX,20200318,83,1824,19,620,0.110996618051152,0.339912280701754,0.228915662650602
MI,20200319,336,2113,256,1841,0.109368309557614,0.871273071462376,0.761904761904762
OR,20200320,114,2003,26,674,0.108425081675732,0.336495257114328,0.228070175438596
NY,20200315,729,4543,205,1764,0.107082543366285,0.38828967642527,0.281207133058985
CO,20200309,9,133,1,29,0.106934001670844,0.218045112781955,0.111111111111111
GU,20200324,32,201,3,40,0.105254975124378,0.199004975124378,0.09375
NE,20200325,61,1304,9,329,0.104759629890375,0.252300613496932,0.147540983606557
IL,20200321,753,5488,168,1792,0.103423042523782,0.326530612244898,0.223107569721116
CA,20200309,114,690,26,228,0.102364607170099,0.330434782608696,0.228070175438596
NC,20200313,15,86,3,26,0.102325581395349,0.302325581395349,0.2
FL,20200309,18,140,1,22,0.101587301587302,0.157142857142857,0.055555555555556
CT,20200313,6,99,0,10,0.101010101010101,0.101010101010101,0
OH,20200312,5,30,1,9,0.1,0.3,0.2
NC,20200323,297,8141,42,1958,0.099096852321272,0.240510993735413,0.141414141414141
GA,20200322,600,3420,93,863,0.09733918128655,0.25233918128655,0.155
WA,20200311,267,2175,105,1065,0.096396745447501,0.489655172413793,0.393258426966292
ND,20200322,28,1260,0,119,0.094444444444445,0.094444444444445,0
CA,20200311,157,916,24,226,0.093858648791478,0.246724890829694,0.152866242038217
MS,20200326,485,2291,108,725,0.093775283831398,0.316455696202532,0.222680412371134
SC,20200317,33,311,5,76,0.092857838838546,0.244372990353698,0.151515151515152
FL,20200307,14,100,5,45,0.092857142857143,0.45,0.357142857142857
MN,20200317,60,2276,6,437,0.092003514938489,0.192003514938489,0.1
WV,20200327,76,1779,25,748,0.091513564687435,0.420460933108488,0.328947368421053
PR,20200324,39,268,8,79,0.08964791427478,0.294776119402985,0.205128205128205
MO,20200316,6,164,1,42,0.089430894308943,0.25609756097561,0.166666666666667
MA,20200318,256,2015,38,474,0.086798232009926,0.235235732009926,0.1484375
MN,20200324,262,5550,27,1039,0.084153772092703,0.187207207207207,0.103053435114504
PR,20200327,79,519,15,142,0.083729665130119,0.273603082851638,0.189873417721519
IL,20200306,5,180,0,15,0.083333333333333,0.083333333333333,0
OH,20200311,4,21,1,7,0.083333333333333,0.333333333333333,0.25
CO,20200319,216,2112,33,495,0.081597222222222,0.234375,0.152777777777778
NM,20200320,43,3771,8,1009,0.081521772646821,0.267568284274728,0.186046511627907
WA,20200316,769,9451,127,2329,0.081279404454074,0.246428949317533,0.165149544863459
WI,20200316,47,504,14,191,0.081095913542722,0.378968253968254,0.297872340425532
TX,20200323,352,9703,18,1281,0.080884660789072,0.132021024425435,0.051136363636364
IN,20200322,201,1293,75,586,0.080075261742333,0.453209590100541,0.373134328358209
WA,20200314,568,6001,111,1651,0.079698277986533,0.2751208131978,0.195422535211268
AK,20200327,69,2319,10,518,0.078444606933273,0.223372143165157,0.144927536231884
WA,20200312,337,3037,70,862,0.076117596136278,0.283832729667435,0.207715133531157
MN,20200313,14,541,5,234,0.075389490361764,0.432532347504621,0.357142857142857
OR,20200324,209,4350,18,701,0.075025023373481,0.161149425287356,0.086124401913876
NV,20200323,245,3490,55,1042,0.074077539325186,0.298567335243553,0.224489795918367
TX,20200326,1396,20028,422,7508,0.072582911145027,0.374875174755343,0.302292263610315
IA,20200327,235,3740,56,1162,0.07239731482535,0.310695187165775,0.238297872340426
WV,20200324,20,610,4,166,0.072131147540984,0.272131147540984,0.2
ID,20200321,31,880,8,290,0.071480938416422,0.329545454545454,0.258064516129032
WY,20200321,23,438,4,107,0.070379193964662,0.244292237442922,0.173913043478261
VA,20200318,77,1201,10,240,0.069963342236448,0.199833472106578,0.12987012987013
WA,20200327,3207,43173,627,11461,0.069957020438817,0.265466842702615,0.195509822263798
IL,20200327,3060,18516,522,4423,0.068286251636105,0.238874486930222,0.170588235294118
IA,20200313,16,83,2,16,0.06777108433735,0.192771084337349,0.125
FL,20200326,2355,23741,673,8367,0.066653341693189,0.352428288614633,0.285774946921444
RI,20200318,33,540,12,232,0.065993265993266,0.42962962962963,0.363636363636364
PA,20200320,268,2574,83,966,0.065589882754062,0.375291375291375,0.309701492537313
IN,20200315,19,102,4,28,0.063983488132095,0.274509803921569,0.210526315789474
WY,20200324,29,710,3,118,0.062748907236523,0.166197183098592,0.103448275862069
MO,20200315,5,122,1,32,0.062295081967213,0.262295081967213,0.2
MA,20200319,328,2804,72,789,0.061871542395881,0.281383737517832,0.219512195121951
KS,20200315,8,135,2,42,0.061111111111111,0.311111111111111,0.25
MN,20200310,3,132,1,52,0.060606060606061,0.393939393939394,0.333333333333333
KY,20200322,99,1472,45,758,0.060400197628459,0.514945652173913,0.454545454545455
UT,20200322,181,3508,45,1084,0.0603891972256,0.309007981755986,0.248618784530387
GA,20200321,507,2557,87,591,0.059532597603053,0.231130230739147,0.171597633136095
KY,20200310,6,28,2,11,0.05952380952381,0.392857142857143,0.333333333333333
WV,20200322,12,385,1,55,0.05952380952381,0.142857142857143,0.083333333333333
LA,20200315,91,156,22,47,0.05952380952381,0.301282051282051,0.241758241758242
RI,20200321,66,862,12,208,0.059481122126134,0.241299303944316,0.181818181818182
OR,20200323,191,3649,30,785,0.058059369345973,0.215127432173198,0.157068062827225
ME,20200316,17,764,14,673,0.057360640591315,0.880890052356021,0.823529411764706
CO,20200313,72,524,27,226,0.056297709923664,0.431297709923664,0.375
TN,20200320,228,563,74,214,0.055545168427285,0.380106571936057,0.324561403508772
NV,20200320,109,1992,14,366,0.055294572786559,0.183734939759036,0.128440366972477
GU,20200320,14,86,2,17,0.054817275747508,0.197674418604651,0.142857142857143
WI,20200324,457,8237,41,1187,0.054390327680326,0.144105863785359,0.089715536105033
VA,20200316,51,438,6,75,0.053585817888799,0.171232876712329,0.117647058823529
NH,20200320,44,745,5,124,0.052806589383771,0.166442953020134,0.113636363636364
MS,20200322,207,1114,67,419,0.052450585000737,0.376122082585278,0.323671497584541
VA,20200324,290,4180,36,737,0.052177858439202,0.176315789473684,0.124137931034483
IA,20200321,68,1049,23,407,0.049753266416195,0.387988560533842,0.338235294117647
IL,20200305,5,165,1,41,0.048484848484849,0.248484848484848,0.2
CA,20200325,2355,15921,253,2469,0.047647200728758,0.155078198605615,0.107430997876858
IN,20200324,365,2566,106,865,0.046689586692149,0.337100545596259,0.29041095890411
OR,20200311,19,286,4,73,0.044718439455282,0.255244755244755,0.210526315789474
ME,20200320,57,2264,4,260,0.044665550802802,0.114840989399293,0.070175438596491
NV,20200321,124,2384,15,392,0.043461788265859,0.164429530201342,0.120967741935484
WA,20200315,642,7122,74,1121,0.04213480934422,0.157399606852008,0.115264797507788
WI,20200323,416,7050,31,820,0.041792825968358,0.116312056737589,0.074519230769231
MS,20200324,320,1552,71,409,0.041655927835052,0.263530927835052,0.221875
MT,20200324,46,1643,12,497,0.041625869962158,0.30249543517955,0.260869565217391
KY,20200321,54,714,7,122,0.041238717709306,0.170868347338936,0.12962962962963
SC,20200320,81,833,21,250,0.040860788759949,0.300120048019208,0.259259259259259
SD,20200321,14,691,0,28,0.040520984081042,0.040520984081042,0
WA,20200320,1376,19336,189,3418,0.039414070392857,0.176768721555647,0.137354651162791
WA,20200313,457,4350,120,1313,0.039257023566991,0.30183908045977,0.262582056892779
GU,20200317,5,41,2,18,0.039024390243903,0.439024390243902,0.4
PA,20200321,371,3766,103,1192,0.038888165212076,0.31651619755709,0.277628032345013
NM,20200312,5,155,2,68,0.038709677419355,0.438709677419355,0.4
NJ,20200325,4402,10452,727,2127,0.038349518614595,0.203501722158439,0.165152203543844
NJ,20200320,890,264,148,54,0.038253319713994,0.204545454545455,0.166292134831461
WI,20200315,33,313,14,144,0.035821473521154,0.460063897763578,0.424242424242424
AZ,20200305,2,28,0,1,0.035714285714286,0.035714285714286,0
IL,20200319,422,2725,134,962,0.035491977912083,0.35302752293578,0.317535545023697
WA,20200317,904,11582,135,2131,0.034656118817268,0.183992402003108,0.149336283185841
NH,20200321,55,973,11,228,0.034326824254882,0.234326824254882,0.2
ND,20200325,39,1734,5,280,0.033271227042853,0.161476355247982,0.128205128205128
NE,20200317,21,206,3,36,0.031900138696255,0.174757281553398,0.142857142857143
HI,20200325,90,4357,13,768,0.03182362991865,0.176268074363094,0.144444444444444
MA,20200320,413,3678,85,874,0.031818008260622,0.23762914627515,0.205811138014528
OK,20200320,49,538,5,72,0.031788179955997,0.133828996282528,0.102040816326531
OR,20200315,36,420,6,83,0.030952380952381,0.197619047619048,0.166666666666667
NE,20200319,27,240,3,34,0.030555555555556,0.141666666666667,0.111111111111111
FL,20200317,186,940,45,256,0.030404941660947,0.272340425531915,0.241935483870968
TN,20200326,957,13952,173,2940,0.029949227325453,0.21072247706422,0.180773249738767
NJ,20200312,30,74,6,17,0.02972972972973,0.22972972972973,0.2
PA,20200317,96,879,20,209,0.029436860068259,0.237770193401593,0.208333333333333
WA,20200319,1187,15918,175,2801,0.028533820073877,0.175964317125267,0.14743049705139
WV,20200326,51,1031,12,272,0.028527414845667,0.263821532492725,0.235294117647059
MN,20200314,21,847,7,306,0.027941755214483,0.361275088547816,0.333333333333333
SC,20200311,9,32,2,8,0.027777777777778,0.25,0.222222222222222
NH,20200322,65,1188,10,215,0.027130277130277,0.180976430976431,0.153846153846154
IN,20200320,79,475,23,151,0.026755496335776,0.317894736842105,0.291139240506329
CA,20200320,1063,10424,139,1637,0.026279448468654,0.157041442824252,0.130761994355597
LA,20200325,1795,9656,407,2441,0.026055241822886,0.252796188898095,0.226740947075209
ME,20200326,155,3394,6,217,0.025226680859962,0.063936358279317,0.038709677419355
MT,20200325,53,1948,7,305,0.024495370191004,0.156570841889117,0.132075471698113
NC,20200314,23,137,8,51,0.024436686766106,0.372262773722628,0.347826086956522
ID,20200318,9,459,2,113,0.023965141612201,0.246187363834423,0.222222222222222
MA,20200324,1159,12590,382,4445,0.02346350452754,0.353057982525814,0.329594477998274
SC,20200316,28,235,9,81,0.023252279635258,0.34468085106383,0.321428571428571
NV,20200327,535,6161,115,1464,0.0226704913482,0.237623762376238,0.214953271028037
KS,20200318,16,417,1,35,0.021432853717026,0.083932853717026,0.0625
VT,20200324,95,1440,20,334,0.021418128654971,0.231944444444444,0.210526315789474
WA,20200323,1996,28879,203,3551,0.021257914561767,0.122961321375394,0.101703406813627
WI,20200318,106,1577,34,539,0.021033488472261,0.341788205453392,0.320754716981132
IN,20200326,645,4006,168,1127,0.020862891708948,0.281328007988018,0.26046511627907
ME,20200323,107,2791,18,527,0.020596911970051,0.188821211035471,0.168224299065421
RI,20200327,165,1366,0,27,0.019765739385066,0.019765739385066,0
AZ,20200317,20,142,2,17,0.019718309859155,0.119718309859155,0.1
PA,20200314,47,205,14,65,0.019200830306176,0.317073170731707,0.297872340425532
IL,20200325,1865,12344,330,2410,0.018292852439192,0.195236552171095,0.176943699731904
VA,20200312,17,117,8,57,0.01659125188537,0.487179487179487,0.470588235294118
SC,20200318,60,583,27,272,0.016552315608919,0.466552315608919,0.45
KY,20200314,14,139,3,32,0.015930113052415,0.230215827338129,0.214285714285714
IN,20200323,259,1701,58,408,0.015920682587349,0.239858906525573,0.223938223938224
PA,20200322,479,4964,108,1198,0.015867902341536,0.241337630942788,0.225469728601253
NM,20200326,112,7681,12,939,0.015106849926535,0.122249707069392,0.107142857142857
IL,20200315,64,449,18,133,0.014963808463252,0.296213808463252,0.28125
OR,20200326,327,6953,118,2603,0.013514506091798,0.374370775204947,0.36085626911315
ND,20200321,28,1141,8,341,0.013146362839614,0.2988606485539,0.285714285714286
UT,20200325,346,6491,47,967,0.013137354255737,0.148975504544754,0.135838150289017
MD,20200310,6,89,1,16,0.01310861423221,0.179775280898876,0.166666666666667
KY,20200318,26,354,4,59,0.012820512820513,0.166666666666667,0.153846153846154
MA,20200321,525,4752,112,1074,0.012676767676768,0.226010101010101,0.213333333333333
WA,20200321,1524,21719,148,2383,0.012606739457536,0.109719600349924,0.097112860892389
SD,20200317,11,551,1,57,0.012539184952978,0.103448275862069,0.090909090909091
NE,20200326,73,1584,12,280,0.012384115123841,0.176767676767677,0.164383561643836
TN,20200313,26,116,8,37,0.011273209549072,0.318965517241379,0.307692307692308
OR,20200319,88,1329,13,211,0.011038716738491,0.158765989465764,0.147727272727273
OR,20200318,75,1118,28,429,0.010387596899225,0.383720930232558,0.373333333333333
WA,20200318,1012,13117,108,1535,0.010304342100783,0.117023709689716,0.106719367588933
FL,20200313,50,478,18,177,0.010292887029289,0.370292887029289,0.36
FL,20200327,2765,28186,410,4445,0.009420307800328,0.157702405449514,0.148282097649186
LA,20200317,171,286,57,98,0.009324009324009,0.342657342657343,0.333333333333333
OR,20200322,161,2864,47,861,0.008703025781602,0.300628491620112,0.291925465838509
DC,20200327,267,1897,36,271,0.008025682182986,0.142857142857143,0.134831460674157
FL,20200319,390,1533,76,308,0.006041447137338,0.200913242009132,0.194871794871795
VA,20200311,9,60,1,7,0.005555555555556,0.116666666666667,0.111111111111111
DC,20200315,16,79,6,30,0.004746835443038,0.379746835443038,0.375
UT,20200327,480,8764,78,1456,0.003634185303514,0.166134185303514,0.1625
AL,20200327,587,4184,81,591,0.003262611522438,0.141252390057361,0.137989778534923
NH,20200326,137,3001,29,645,0.003249525097474,0.214928357214262,0.211678832116788
GU,20200327,51,299,6,36,0.002754278969113,0.120401337792642,0.117647058823529
GU,20200325,37,233,5,32,0.002203920658856,0.137339055793991,0.135135135135135
ND,20200323,30,1353,2,93,0.002069475240207,0.068736141906874,0.066666666666667
OH,20200315,36,139,23,89,0.001398880895284,0.640287769784173,0.638888888888889
NH,20200317,17,355,4,84,0.0013256006628,0.236619718309859,0.235294117647059
AK,20200323,22,946,0,0,0,0,0
AK,20200316,1,143,0,0,0,0,0
AK,20200315,1,143,0,0,0,0,0
AZ,20200315,12,121,0,0,0,0,0
AZ,20200309,5,44,0,0,0,0,0
AZ,20200308,5,44,0,0,0,0,0
CA,20200313,202,916,0,0,0,0,0
CA,20200305,53,462,0,0,0,0,0
CO,20200316,131,627,0,0,0,0,0
DC,20200313,10,20,0,0,0,0,0
DE,20200315,6,36,0,0,0,0,0
IL,20200311,19,244,0,0,0,0,0
IL,20200308,6,191,0,0,0,0,0
KS,20200314,6,93,0,0,0,0,0
KS,20200309,1,11,0,0,0,0,0
MA,20200315,138,352,0,0,0,0,0
ME,20200315,3,91,0,0,0,0,0
ME,20200314,3,91,0,0,0,0,0
MN,20200308,1,48,0,0,0,0,0
MO,20200324,183,369,0,0,0,0,0
NE,20200308,1,17,0,0,0,0,0
NH,20200316,13,271,0,0,0,0,0
NH,20200313,6,94,0,0,0,0,0
NH,20200311,4,38,0,0,0,0,0
NH,20200310,4,38,0,0,0,0,0
NH,20200309,4,38,0,0,0,0,0
NH,20200307,2,20,0,0,0,0,0
NJ,20200314,50,97,0,0,0,0,0
NV,20200318,55,168,0,0,0,0,0
NV,20200309,1,14,0,0,0,0,0
NV,20200308,1,14,0,0,0,0,0
NV,20200307,1,14,0,0,0,0,0
NV,20200306,1,14,0,0,0,0,0
NY,20200312,216,92,0,0,0,0,0
OH,20200314,13,50,0,0,0,0,0
OK,20200313,3,36,0,0,0,0,0
OK,20200311,2,15,0,0,0,0,0
OK,20200309,1,8,0,0,0,0,0
OR,20200325,209,4350,0,0,0,0,0
OR,20200321,114,2003,0,0,0,0,0
OR,20200314,30,337,0,0,0,0,0
OR,20200312,19,286,0,0,0,0,0
RI,20200319,33,540,0,0,0,0,0
RI,20200317,21,308,0,0,0,0,0
RI,20200315,20,198,0,0,0,0,0
RI,20200310,3,53,0,0,0,0,0
SC,20200327,456,2307,0,0,0,0,0
SC,20200319,60,583,0,0,0,0,0
SC,20200310,7,24,0,0,0,0,0
SC,20200308,2,8,0,0,0,0,0
SD,20200319,11,551,0,0,0,0,0
SD,20200318,11,551,0,0,0,0,0
UT,20200314,6,131,0,0,0,0,0
VA,20200314,30,117,0,0,0,0,0
VI,20200326,17,55,0,0,0,0,0
VT,20200321,29,779,0,0,0,0,0
WI,20200314,19,169,0,0,0,0,0
WI,20200308,1,31,0,0,0,0,0
WI,20200307,1,31,0,0,0,0,0
WI,20200305,1,19,0,0,0,0,0
NV,20200324,278,3954,33,464,-0.001355516497273,0.11734951947395,0.118705035971223
VA,20200320,114,2211,20,382,-0.002666095360518,0.17277250113071,0.175438596491228
ID,20200323,47,1309,5,134,-0.004014758708125,0.102368220015279,0.106382978723404
NY,20200327,44635,101118,7377,16272,-0.004352983914287,0.160920904290037,0.165273888204324
LA,20200327,2746,18613,441,2889,-0.005383134664277,0.155214097673669,0.160597232337946
PA,20200324,851,8643,207,2048,-0.006288482164914,0.236954761078329,0.243243243243243
CT,20200327,1291,7109,279,1484,-0.007362068941095,0.208749472499648,0.216111541440744
TN,20200315,39,157,7,27,-0.007512657194186,0.171974522292994,0.179487179487179
WA,20200322,1793,25328,269,3609,-0.007537361903296,0.14249052432091,0.150027886224205
UT,20200324,299,5524,42,734,-0.00759349896711,0.132874728457639,0.140468227424749
MN,20200311,5,217,2,85,-0.008294930875576,0.391705069124424,0.4
MI,20200314,25,205,9,72,-0.008780487804878,0.351219512195122,0.36
PA,20200323,644,6595,165,1631,-0.008902613027939,0.247308567096285,0.256211180124224
CO,20200320,277,2675,61,563,-0.009749316778569,0.210467289719626,0.220216606498195
NM,20200323,65,5321,8,599,-0.010504098419904,0.112572824657019,0.123076923076923
OR,20200317,47,689,8,110,-0.010561096871816,0.159651669085631,0.170212765957447
MN,20200315,35,1387,14,540,-0.010670511896179,0.389329488103821,0.4
ID,20200322,42,1175,11,295,-0.010840932117528,0.251063829787234,0.261904761904762
WA,20200324,2221,31712,225,2833,-0.01197045073832,0.08933526740666,0.10130571814498
MT,20200321,20,1146,4,215,-0.01239092495637,0.18760907504363,0.2
PA,20200326,1687,16441,560,5248,-0.012748212456411,0.319201995012469,0.33195020746888
WI,20200322,385,6230,104,1602,-0.012987012987013,0.257142857142857,0.27012987012987
CA,20200323,1733,12567,197,1263,-0.013174393904184,0.100501312962521,0.113675706866705
FL,20200323,1171,11063,341,3073,-0.013431343027006,0.277772756033626,0.291204099060632
WI,20200321,281,4628,75,1173,-0.013446697650384,0.253457216940363,0.266903914590747
FL,20200324,1412,13127,241,2064,-0.01344670317066,0.157233183514893,0.170679886685552
AL,20200324,215,2106,48,441,-0.013854104551779,0.209401709401709,0.223255813953488
FL,20200325,1682,15374,270,2247,-0.014367339147722,0.146155847534799,0.160523186682521
MN,20200320,115,3741,26,792,-0.014378857083086,0.211708099438653,0.226086956521739
AK,20200319,6,400,0,-6,-0.015,-0.015,0
DC,20200323,116,1113,18,156,-0.015010688725718,0.140161725067385,0.155172413793103
UT,20200320,112,2035,34,587,-0.01511934011934,0.288452088452088,0.303571428571429
IN,20200327,981,5955,336,1949,-0.015219651976983,0.327287993282955,0.342507645259939
IL,20200320,585,3696,163,971,-0.015916028416028,0.26271645021645,0.278632478632479
UT,20200321,136,2424,24,389,-0.015992040380509,0.160478547854785,0.176470588235294
NH,20200327,158,3395,21,394,-0.016858373259261,0.116053019145803,0.132911392405063
PA,20200325,1127,11193,276,2550,-0.017076999655397,0.227820959528277,0.244897959183673
RI,20200314,20,198,6,56,-0.017171717171717,0.282828282828283,0.3
GA,20200323,772,4297,172,877,-0.018702046614037,0.204095880847103,0.22279792746114
PA,20200318,133,1187,37,308,-0.018717813911358,0.259477674810446,0.278195488721804
VA,20200326,460,5729,69,750,-0.019087100715657,0.130912899284343,0.15
PA,20200319,185,1608,52,421,-0.019265160683071,0.26181592039801,0.281081081081081
NC,20200327,763,14373,127,2099,-0.020410521074036,0.146037709594378,0.166448230668414
NC,20200326,636,12274,132,2289,-0.021055398587596,0.186491771223725,0.207547169811321
CO,20200325,912,6789,192,1285,-0.021249544541867,0.189276771247606,0.210526315789474
PA,20200327,2218,21016,531,4575,-0.02171358641945,0.217691282832128,0.239404869251578
ME,20200319,53,2004,10,334,-0.022012578616352,0.166666666666667,0.188679245283019
KY,20200320,47,592,12,138,-0.022211040828062,0.233108108108108,0.25531914893617
IL,20200323,1273,8583,224,1312,-0.023101988539614,0.152860305254573,0.175962293794187
FL,20200308,17,118,3,18,-0.023928215353938,0.152542372881356,0.176470588235294
IN,20200314,15,74,3,13,-0.024324324324324,0.175675675675676,0.2
KY,20200327,248,3768,50,666,-0.024861310869119,0.176751592356688,0.201612903225806
NC,20200325,504,9985,106,1844,-0.025640444794175,0.184677015523285,0.21031746031746
NH,20200308,4,38,2,18,-0.026315789473684,0.473684210526316,0.5
AZ,20200314,12,121,3,27,-0.026859504132231,0.223140495867769,0.25
OR,20200327,414,8510,87,1557,-0.027183705444575,0.182961222091657,0.210144927536232
WV,20200321,11,330,4,111,-0.027272727272727,0.336363636363636,0.363636363636364
UT,20200326,402,7308,56,817,-0.027508189757289,0.111795292829776,0.139303482587065
UT,20200323,257,4790,76,1282,-0.028078925777601,0.267640918580376,0.295719844357977
CT,20200326,1012,5625,137,602,-0.028353271848924,0.107022222222222,0.135375494071146
AZ,20200310,6,51,1,7,-0.029411764705882,0.137254901960784,0.166666666666667
NY,20200326,37258,84846,6447,12178,-0.029506031298442,0.143530631968508,0.173036663266949
SC,20200315,19,154,6,44,-0.030075187969925,0.285714285714286,0.31578947368421
FL,20200322,830,7990,172,1411,-0.0306331709818,0.176595744680851,0.207228915662651
SD,20200324,30,790,2,28,-0.031223628691983,0.035443037974684,0.066666666666667
NH,20200323,78,1374,13,186,-0.031295487627365,0.135371179039301,0.166666666666667
LA,20200316,114,188,23,32,-0.031541620007466,0.170212765957447,0.201754385964912
VT,20200327,184,2077,26,227,-0.032012099390844,0.109292248435243,0.141304347826087
OK,20200310,2,15,1,7,-0.033333333333333,0.466666666666667,0.5
SD,20200327,58,2387,12,414,-0.033457087962094,0.173439463762044,0.206896551724138
IL,20200324,1535,9934,262,1351,-0.034686455033187,0.135997584054761,0.170684039087948
WI,20200325,585,10089,128,1852,-0.035237158519942,0.183566260283477,0.218803418803419
WI,20200319,155,2192,49,615,-0.035563338827408,0.280565693430657,0.316129032258064
IA,20200324,124,2315,19,272,-0.035731206019648,0.117494600431965,0.153225806451613
ME,20200318,43,1670,11,367,-0.036053474446456,0.219760479041916,0.255813953488372
NY,20200321,10356,35081,3254,9756,-0.036114726224997,0.278099256007525,0.314213982232522
OK,20200321,53,560,4,22,-0.036185983827493,0.039285714285714,0.075471698113208
KY,20200319,35,454,9,100,-0.03687853996224,0.220264317180617,0.257142857142857
IL,20200322,1049,7271,296,1783,-0.036952758644334,0.245220739925732,0.282173498570067
CO,20200323,591,4845,116,770,-0.03735076718371,0.158926728586171,0.196277495769882
NH,20200318,26,513,9,158,-0.038161643424801,0.307992202729045,0.346153846153846
LA,20200319,347,458,107,123,-0.039798396738105,0.268558951965066,0.30835734870317
NE,20200323,50,356,2,0,-0.04,0,0.04
ND,20200327,65,2427,13,388,-0.040131850020602,0.159868149979398,0.2
NE,20200327,85,1761,12,177,-0.040665397334402,0.100511073253833,0.141176470588235
FL,20200315,116,678,39,200,-0.041221645814261,0.294985250737463,0.336206896551724
WY,20200322,24,438,1,0,-0.041666666666667,0,0.041666666666667
WI,20200327,842,13140,135,1557,-0.041839390882765,0.118493150684932,0.160332541567696
NM,20200319,35,2762,7,436,-0.042143374366401,0.157856625633599,0.2
MO,20200317,8,207,2,43,-0.042270531400966,0.207729468599034,0.25
OH,20200326,867,16449,163,2389,-0.042767821099967,0.145236792510183,0.18800461361015
IA,20200325,145,2578,21,263,-0.042810518712715,0.102017067494182,0.144827586206897
WA,20200326,2580,31712,111,0,-0.043023255813954,0,0.043023255813954
CO,20200321,363,3317,86,642,-0.04336621345419,0.193548387096774,0.236914600550964
CO,20200327,1430,8692,344,1714,-0.043366619574627,0.197192820984814,0.240559440559441
VA,20200323,254,3443,35,325,-0.043400852122645,0.094394423467906,0.137795275590551
IA,20200317,23,83,1,0,-0.043478260869565,0,0.043478260869565
TX,20200324,410,10757,58,1054,-0.043480705700429,0.097982708933718,0.141463414634146
WI,20200326,707,11583,122,1494,-0.043577984172044,0.128982128982129,0.172560113154173
NM,20200325,100,6742,17,852,-0.043628003559775,0.126371996440225,0.17
AR,20200319,46,310,13,74,-0.043899018232819,0.238709677419355,0.282608695652174
DC,20200318,31,138,9,34,-0.043945769050958,0.246376811594203,0.290322580645161
PR,20200326,64,377,13,60,-0.043973806366048,0.159151193633952,0.203125
IN,20200321,126,707,47,232,-0.044868772591545,0.328147100424328,0.373015873015873
MN,20200319,89,2949,12,264,-0.045309588853201,0.089521871820956,0.134831460674157
SD,20200320,14,663,3,112,-0.045356604180134,0.168929110105581,0.214285714285714
OK,20200322,67,669,14,109,-0.04602547799121,0.162929745889387,0.208955223880597
NJ,20200327,8825,16547,1949,2886,-0.046437578185308,0.174412280171632,0.22084985835694
NV,20200315,21,168,1,0,-0.047619047619048,0,0.047619047619048
SC,20200309,7,24,5,16,-0.047619047619048,0.666666666666667,0.714285714285714
AK,20200321,14,758,2,72,-0.04787033546928,0.094986807387863,0.142857142857143
ND,20200324,34,1454,4,101,-0.048183509992718,0.069463548830812,0.117647058823529
CO,20200322,475,4075,112,758,-0.04977720374556,0.18601226993865,0.23578947368421
VT,20200317,10,495,2,74,-0.050505050505051,0.149494949494949,0.2
ID,20200317,7,346,2,81,-0.051610239471511,0.234104046242775,0.285714285714286
HI,20200326,95,4357,5,0,-0.052631578947369,0,0.052631578947369
AL,20200323,167,1665,29,201,-0.052931973890058,0.120720720720721,0.173652694610778
AR,20200316,22,132,6,29,-0.053030303030303,0.21969696969697,0.272727272727273
VT,20200319,22,645,3,53,-0.054193093727978,0.082170542635659,0.136363636363636
ME,20200317,32,1303,15,539,-0.055089217191098,0.413660782808902,0.46875
IA,20200315,18,83,1,0,-0.055555555555556,0,0.055555555555556
KS,20200327,202,3229,34,360,-0.056827206412187,0.111489625270982,0.168316831683168
MN,20200327,398,13605,52,1001,-0.057077375115194,0.073575891216465,0.130653266331658
MS,20200327,579,2560,94,269,-0.057270752374784,0.105078125,0.162348877374784
MA,20200322,646,5459,121,707,-0.057795602115857,0.12951089943213,0.187306501547988
MN,20200326,346,12604,59,1416,-0.058174944003464,0.112345287210409,0.170520231213873
IA,20200314,17,83,1,0,-0.058823529411765,0,0.058823529411765
FL,20200311,28,301,9,79,-0.058970099667774,0.262458471760797,0.321428571428571
CO,20200324,720,5504,129,659,-0.059435562015504,0.119731104651163,0.179166666666667
MN,20200322,169,4511,31,559,-0.059512644305373,0.123919308357349,0.183431952662722
NY,20200324,25665,65605,4790,8191,-0.061782207190122,0.124853288621294,0.186635495811416
NJ,20200310,15,44,4,9,-0.062121212121212,0.204545454545455,0.266666666666667
GU,20200326,45,263,8,30,-0.063709336713139,0.114068441064639,0.177777777777778
NV,20200325,321,4251,43,297,-0.064090472390224,0.069865913902611,0.133956386292835
MA,20200327,3240,26131,823,4927,-0.065462347592449,0.188549998086564,0.254012345679012
OK,20200318,29,378,12,131,-0.067232256887429,0.346560846560847,0.413793103448276
MT,20200320,16,931,4,170,-0.067400644468314,0.182599355531686,0.25
DC,20200321,77,506,6,5,-0.068040654997177,0.009881422924901,0.077922077922078
IN,20200318,39,154,9,25,-0.068431568431569,0.162337662337662,0.230769230769231
SC,20200326,456,2307,32,4,-0.068441585107111,0.00173385348938,0.070175438596491
MN,20200318,77,2685,17,409,-0.068451474038066,0.152327746741155,0.220779220779221
VT,20200320,29,779,7,134,-0.069363905980258,0.17201540436457,0.241379310344828
NJ,20200317,267,163,89,43,-0.069529652351738,0.263803680981595,0.333333333333333
NC,20200320,137,3096,40,688,-0.069748580697486,0.222222222222222,0.291970802919708
FL,20200320,520,1870,130,337,-0.069786096256685,0.180213903743316,0.25
NY,20200325,30811,72668,5146,7063,-0.06982280839141,0.097195464303407,0.167018272694817
ME,20200324,125,3014,18,223,-0.07001194426012,0.073988055739881,0.144
MA,20200325,1838,17956,679,5366,-0.070581673349266,0.298841612831366,0.369423286180631
NE,20200314,14,80,1,0,-0.071428571428572,0,0.071428571428572
KS,20200326,168,2869,42,509,-0.072586266991983,0.177413733008017,0.25
AL,20200325,283,2529,68,423,-0.073022899035499,0.167259786476868,0.240282685512367
WI,20200313,19,169,11,85,-0.075988788539396,0.502958579881657,0.578947368421053
NY,20200322,15168,46233,4812,11152,-0.076033849048039,0.241212986394999,0.317246835443038
SC,20200322,195,1466,43,211,-0.076583761849792,0.143929058663029,0.22051282051282
WY,20200326,53,1052,9,98,-0.076655427218595,0.093155893536122,0.169811320754717
PA,20200312,22,116,7,28,-0.076802507836991,0.241379310344828,0.318181818181818
ME,20200327,168,3394,13,0,-0.077380952380952,0,0.077380952380952
NY,20200323,20875,57414,5707,11181,-0.078645779190913,0.194743442365973,0.273389221556886
TN,20200314,32,130,6,14,-0.079807692307692,0.107692307692308,0.1875
IA,20200311,13,46,5,14,-0.080267558528428,0.304347826086957,0.384615384615385
VT,20200326,158,1850,35,261,-0.080437906260691,0.141081081081081,0.221518987341772
PR,20200325,51,317,12,49,-0.080719985154945,0.154574132492114,0.235294117647059
GA,20200325,1247,4932,221,474,-0.081118284856893,0.096107055961071,0.177225340817963
LA,20200320,479,568,132,110,-0.081912140903879,0.193661971830986,0.275574112734864
AR,20200322,165,711,47,144,-0.082316839278865,0.20253164556962,0.284848484848485
DC,20200326,231,1626,48,203,-0.082945959329723,0.124846248462485,0.207792207792208
AK,20200320,12,686,6,286,-0.083090379008746,0.416909620991254,0.5
NV,20200311,5,168,5,154,-0.083333333333333,0.916666666666667,1
DC,20200324,137,1195,21,82,-0.084665424670922,0.068619246861925,0.153284671532847
WY,20200325,44,954,15,244,-0.085143891747665,0.255765199161426,0.340909090909091
KS,20200316,11,166,3,31,-0.085980284775466,0.186746987951807,0.272727272727273
MA,20200326,2417,21204,579,3248,-0.086374519542101,0.153178645538578,0.239553165080678
NM,20200316,17,566,4,84,-0.086884223654126,0.148409893992933,0.235294117647059
NE,20200312,10,80,5,33,-0.0875,0.4125,0.5
VA,20200321,152,2638,38,427,-0.088134950720243,0.161865049279757,0.25
MT,20200323,34,1146,3,0,-0.088235294117647,0,0.088235294117647
VA,20200327,604,6733,144,1004,-0.089294303140704,0.149116292885786,0.23841059602649
DC,20200325,183,1423,46,228,-0.0911412431982,0.160224877020379,0.251366120218579
IN,20200317,30,129,6,14,-0.091472868217054,0.108527131782946,0.2
NC,20200319,97,2408,34,621,-0.092625098469021,0.257890365448505,0.350515463917526
NM,20200327,136,8377,24,696,-0.093385951730579,0.083084636504715,0.176470588235294
CT,20200311,3,71,1,17,-0.093896713615024,0.23943661971831,0.333333333333333
AR,20200327,381,1545,46,41,-0.094197691308004,0.026537216828479,0.120734908136483
GU,20200318,8,57,3,16,-0.094298245614035,0.280701754385965,0.375
AK,20200317,3,334,2,191,-0.094810379241517,0.57185628742515,0.666666666666667
IN,20200316,24,115,5,13,-0.095289855072464,0.11304347826087,0.208333333333333
CA,20200321,1279,11249,216,825,-0.095542086583528,0.073339852431327,0.168881939014855
HI,20200324,77,3589,21,634,-0.096076395045467,0.176650877681805,0.272727272727273
VA,20200325,391,4979,101,799,-0.097838029699161,0.160473990761197,0.258312020460358
NY,20200319,4152,18132,1770,5917,-0.099971436186017,0.326329141848665,0.426300578034682
MN,20200309,2,80,1,32,-0.1,0.4,0.5
ND,20200326,52,2039,13,305,-0.100416871015204,0.149583128984796,0.25
WA,20200325,2469,31712,248,0,-0.100445524503848,0,0.100445524503848
NC,20200322,255,6183,71,1091,-0.101979811817983,0.176451560731037,0.27843137254902
GA,20200320,420,1966,133,422,-0.102017633095965,0.214649033570702,0.316666666666667
RI,20200326,165,1339,41,196,-0.102106954534139,0.146377893950709,0.248484848484848
OH,20200327,1137,19012,270,2563,-0.102657424528988,0.134809593940669,0.237467018469657
HI,20200327,106,4357,11,0,-0.10377358490566,0,0.10377358490566
TN,20200325,784,11012,117,495,-0.104283731291282,0.04495096258627,0.149234693877551
VI,20200327,19,55,2,0,-0.105263157894737,0,0.105263157894737
TN,20200317,73,330,21,60,-0.105853051058531,0.181818181818182,0.287671232876712
MN,20200316,54,1839,19,452,-0.106066098725153,0.245785753126699,0.351851851851852
KS,20200325,126,2360,28,274,-0.106120527306968,0.116101694915254,0.222222222222222
TX,20200327,1731,21935,335,1907,-0.10659106911774,0.086938682470937,0.193529751588677
DC,20200319,39,153,8,15,-0.107088989441931,0.098039215686275,0.205128205128205
IA,20200322,90,1215,22,166,-0.107818930041152,0.136625514403292,0.244444444444444
IL,20200307,6,191,1,11,-0.109075043630017,0.057591623036649,0.166666666666667
CA,20200324,2102,13452,369,885,-0.109757624317692,0.065789473684211,0.175547098001903
ME,20200325,149,3177,24,163,-0.109767561732503,0.051306263770853,0.161073825503356
WY,20200327,70,1211,17,159,-0.111560693641619,0.131296449215524,0.242857142857143
MD,20200309,5,73,2,21,-0.112328767123288,0.287671232876712,0.4
MN,20200321,138,3952,23,211,-0.113275978407557,0.053390688259109,0.166666666666667
OK,20200327,322,1084,74,126,-0.11357750223465,0.116236162361624,0.229813664596273
IL,20200317,160,1340,67,408,-0.114272388059702,0.304477611940298,0.41875
DE,20200326,130,36,15,0,-0.115384615384615,0,0.115384615384615
OK,20200317,17,247,7,73,-0.116218147177899,0.295546558704453,0.411764705882353
CA,20200306,60,462,7,0,-0.116666666666667,0,0.116666666666667
WV,20200323,16,444,4,59,-0.117117117117117,0.132882882882883,0.25
AR,20200326,335,1504,55,67,-0.119631232137186,0.044547872340426,0.164179104477612
NM,20200324,83,5890,18,569,-0.120263055618058,0.09660441426146,0.216867469879518
LA,20200322,837,2661,252,481,-0.120316155701834,0.18075911311537,0.301075268817204
ID,20200327,189,2668,66,603,-0.123194355203351,0.226011994002998,0.349206349206349
IL,20200313,32,294,7,28,-0.123511904761905,0.095238095238095,0.21875
NJ,20200326,6876,13661,2474,3209,-0.124899934033858,0.234902276553693,0.359802210587551
FL,20200312,32,301,4,0,-0.125,0,0.125
HI,20200319,16,93,2,0,-0.125,0,0.125
KY,20200315,16,139,2,0,-0.125,0,0.125
NE,20200318,24,206,3,0,-0.125,0,0.125
RI,20200325,124,1143,18,23,-0.125038805633167,0.020122484689414,0.145161290322581
VT,20200314,4,227,2,85,-0.125550660792952,0.374449339207048,0.5
IN,20200325,477,2879,112,313,-0.126082533607421,0.108718304967002,0.234800838574423
RI,20200322,83,932,17,70,-0.129711980971095,0.075107296137339,0.204819277108434
CA,20200307,69,462,9,0,-0.130434782608696,0,0.130434782608696
PR,20200321,21,143,7,29,-0.130536130536131,0.202797202797203,0.333333333333333
LA,20200311,6,37,5,26,-0.130630630630631,0.702702702702703,0.833333333333333
KY,20200326,198,3102,41,237,-0.130668385987535,0.076402321083172,0.207070707070707
SC,20200321,152,1255,71,422,-0.130850283078213,0.336254980079681,0.467105263157895
MI,20200316,53,272,20,67,-0.131034961154273,0.246323529411765,0.377358490566038
NY,20200320,7102,25325,2950,7193,-0.131348309765223,0.284027640671273,0.415375950436497
CA,20200326,3006,17380,651,1459,-0.13261980067483,0.083947065592635,0.216566866267465
CO,20200326,1086,6978,174,189,-0.13313586979758,0.027085124677558,0.160220994475138
AR,20200313,9,30,3,6,-0.133333333333333,0.2,0.333333333333333
VT,20200325,123,1589,28,149,-0.133872609965873,0.093769666456891,0.227642276422764
PR,20200320,14,114,9,58,-0.134085213032582,0.508771929824561,0.642857142857143
HI,20200320,26,124,10,31,-0.134615384615385,0.25,0.384615384615385
OK,20200323,81,694,14,25,-0.136816451417796,0.036023054755043,0.17283950617284
WI,20200312,8,84,5,41,-0.136904761904762,0.488095238095238,0.625
CO,20200311,28,251,16,109,-0.1371656232214,0.434262948207171,0.571428571428571
NE,20200309,3,36,2,19,-0.138888888888889,0.527777777777778,0.666666666666667
VT,20200312,2,97,1,35,-0.139175257731959,0.360824742268041,0.5
CA,20200315,293,916,41,0,-0.139931740614334,0,0.139931740614334
KS,20200322,64,417,9,0,-0.140625,0,0.140625
NV,20200326,420,4697,99,446,-0.140760059612519,0.094954226101767,0.235714285714286
IL,20200326,2538,14093,673,1749,-0.141065259555501,0.124104165188391,0.265169424743893
LA,20200318,240,335,69,49,-0.141231343283582,0.146268656716418,0.2875
TN,20200327,1203,14888,246,936,-0.141619353014562,0.062869425040301,0.204488778054863
MS,20200325,377,1566,57,14,-0.142253659495039,0.008939974457216,0.151193633952255
CA,20200310,133,690,19,0,-0.142857142857143,0,0.142857142857143
IL,20200309,7,191,1,0,-0.142857142857143,0,0.142857142857143
MS,20200323,249,1143,42,29,-0.143302870273746,0.025371828521435,0.168674698795181
ND,20200319,15,493,9,225,-0.143610547667343,0.456389452332657,0.6
AL,20200326,506,3593,223,1064,-0.144580095904531,0.296131366546062,0.440711462450593
CO,20200314,101,610,29,86,-0.14614510631391,0.140983606557377,0.287128712871287
VT,20200322,52,1106,23,327,-0.146647656141327,0.295660036166365,0.442307692307692
NJ,20200311,24,57,9,13,-0.146929824561404,0.228070175438596,0.375
AZ,20200307,5,44,2,11,-0.15,0.25,0.4
DC,20200317,22,104,5,8,-0.15034965034965,0.076923076923077,0.227272727272727
MS,20200318,34,479,13,111,-0.150620164558516,0.231732776617954,0.382352941176471
AZ,20200326,577,347,127,24,-0.150939721005499,0.069164265129683,0.220103986135182
MN,20200312,9,307,4,90,-0.151284835323923,0.293159609120521,0.444444444444444
VA,20200322,219,3118,67,480,-0.151991236625749,0.153944836433611,0.305936073059361
OK,20200319,44,466,15,88,-0.152067889192353,0.188841201716738,0.340909090909091
AZ,20200320,65,211,21,36,-0.152460809332847,0.170616113744076,0.323076923076923
MD,20200323,288,94,44,0,-0.152777777777778,0,0.152777777777778
DE,20200321,45,36,7,0,-0.155555555555556,0,0.155555555555556
NE,20200320,32,240,5,0,-0.15625,0,0.15625
IL,20200312,25,266,6,22,-0.157293233082707,0.082706766917293,0.24
MA,20200316,164,352,26,0,-0.158536585365854,0,0.158536585365854
AR,20200324,218,947,44,41,-0.158540247812987,0.043294614572334,0.201834862385321
GU,20200319,12,69,4,12,-0.159420289855072,0.173913043478261,0.333333333333333
NH,20200319,39,621,13,108,-0.159420289855072,0.173913043478261,0.333333333333333
NY,20200306,33,92,11,16,-0.159420289855072,0.173913043478261,0.333333333333333
AL,20200320,81,28,13,0,-0.160493827160494,0,0.160493827160494
WA,20200310,162,1110,26,0,-0.160493827160494,0,0.160493827160494
MD,20200315,31,94,5,0,-0.161290322580645,0,0.161290322580645
PA,20200313,33,140,11,24,-0.161904761904762,0.171428571428571,0.333333333333333
MD,20200316,37,94,6,0,-0.162162162162162,0,0.162162162162162
CA,20200322,1536,11304,257,55,-0.1624521740092,0.004865534324133,0.167317708333333
GA,20200319,287,1544,90,233,-0.162682114422921,0.150906735751295,0.313588850174216
NJ,20200313,50,97,20,23,-0.162886597938144,0.237113402061856,0.4
MT,20200327,108,2590,37,462,-0.164214214214214,0.178378378378378,0.342592592592593
AK,20200322,22,946,8,188,-0.164904862579281,0.198731501057082,0.363636363636364
DE,20200314,6,36,2,6,-0.166666666666667,0.166666666666667,0.333333333333333
DE,20200319,30,36,5,0,-0.166666666666667,0,0.166666666666667
AZ,20200322,152,282,48,42,-0.166853303471445,0.148936170212766,0.31578947368421
CT,20200323,415,4085,192,1208,-0.166934568137913,0.295716034271726,0.462650602409639
AR,20200318,33,236,11,39,-0.168079096045198,0.165254237288136,0.333333333333333
FL,20200316,141,684,25,6,-0.168533034714446,0.008771929824561,0.177304964539007
MT,20200326,71,2128,18,180,-0.16893466059515,0.084586466165414,0.253521126760563
MS,20200320,80,695,30,143,-0.169244604316547,0.205755395683453,0.375
WI,20200311,3,43,1,7,-0.170542635658915,0.162790697674419,0.333333333333333
SC,20200325,424,2303,126,291,-0.170812885571732,0.126356925749023,0.297169811320755
KY,20200324,124,1742,20,-20,-0.172771378837821,-0.011481056257176,0.161290322580645
MD,20200324,349,94,61,0,-0.174785100286533,0,0.174785100286533
MD,20200325,423,94,74,0,-0.174940898345154,0,0.174940898345154
FL,20200318,314,1225,128,285,-0.174990250877421,0.23265306122449,0.407643312101911
AZ,20200325,450,323,93,10,-0.175706914344685,0.030959752321982,0.206666666666667
DE,20200323,68,36,12,0,-0.176470588235294,0,0.176470588235294
NE,20200315,17,80,3,0,-0.176470588235294,0,0.176470588235294
NH,20200324,101,1447,23,73,-0.177273567024982,0.050449205252246,0.227722772277228
TN,20200323,615,3272,110,0,-0.178861788617886,0,0.178861788617886
OK,20200326,248,958,84,153,-0.179001952993468,0.159707724425887,0.338709677419355
GA,20200327,2001,7864,476,463,-0.179005169338017,0.058875890132248,0.237881059470265
NY,20200310,173,92,31,0,-0.179190751445087,0,0.179190751445087
TX,20200321,304,6218,110,1135,-0.179307528228742,0.182534577034416,0.361842105263158
ME,20200322,89,2264,16,0,-0.179775280898876,0,0.179775280898876
OK,20200324,106,735,25,41,-0.180066743678604,0.05578231292517,0.235849056603774
MS,20200317,21,368,9,91,-0.181288819875776,0.247282608695652,0.428571428571429
AZ,20200306,3,33,1,5,-0.181818181818182,0.151515151515152,0.333333333333333
IA,20200316,22,83,4,0,-0.181818181818182,0,0.181818181818182
NV,20200317,55,168,10,0,-0.181818181818182,0,0.181818181818182
MI,20200317,65,272,12,0,-0.184615384615385,0,0.184615384615385
ID,20200319,11,457,2,-2,-0.186194549433061,-0.00437636761488,0.181818181818182
CO,20200310,12,142,3,9,-0.186619718309859,0.063380281690141,0.25
MI,20200318,80,272,15,0,-0.1875,0,0.1875
MS,20200319,50,552,16,73,-0.187753623188406,0.132246376811594,0.32
MO,20200322,90,369,17,0,-0.188888888888889,0,0.188888888888889
IA,20200326,179,2578,34,0,-0.189944134078212,0,0.189944134078212
UT,20200318,63,131,12,0,-0.190476190476191,0,0.190476190476191
DE,20200322,56,36,11,0,-0.196428571428571,0,0.196428571428571
NY,20200314,524,2779,103,0,-0.196564885496183,0,0.196564885496183
AZ,20200311,9,59,3,8,-0.19774011299435,0.135593220338983,0.333333333333333
CA,20200314,252,916,50,0,-0.198412698412698,0,0.198412698412698
NY,20200311,216,92,43,0,-0.199074074074074,0,0.199074074074074
KS,20200321,55,417,11,0,-0.2,0,0.2
TN,20200318,98,349,25,19,-0.200660780071341,0.054441260744986,0.255102040816327
CT,20200324,618,4682,203,597,-0.200969353124063,0.127509611277232,0.328478964401294
CO,20200315,131,627,30,17,-0.201894395948233,0.027113237639554,0.229007633587786
DE,20200327,163,36,33,0,-0.202453987730061,0,0.202453987730061
MO,20200318,13,253,5,46,-0.202797202797203,0.181818181818182,0.384615384615385
AK,20200326,59,1801,17,152,-0.203738036307513,0.084397556912826,0.288135593220339
IL,20200318,288,1763,128,423,-0.204512510241381,0.239931934203063,0.444444444444444
MD,20200319,107,94,22,0,-0.205607476635514,0,0.205607476635514
NJ,20200322,1914,327,587,33,-0.205770134115594,0.100917431192661,0.306687565308255
OH,20200323,442,140,91,0,-0.205882352941176,0,0.205882352941176
IA,20200318,29,83,6,0,-0.206896551724138,0,0.206896551724138
NE,20200322,48,356,10,0,-0.208333333333333,0,0.208333333333333
DE,20200325,115,36,24,0,-0.208695652173913,0,0.208695652173913
AZ,20200319,44,175,16,27,-0.209350649350649,0.154285714285714,0.363636363636364
CA,20200318,611,7981,128,0,-0.20949263502455,0,0.20949263502455
DE,20200320,38,36,8,0,-0.210526315789474,0,0.210526315789474
GA,20200324,1026,4458,254,161,-0.211448503118121,0.03611484970839,0.247563352826511
RI,20200320,54,654,21,114,-0.214576962283384,0.174311926605505,0.388888888888889
OR,20200313,30,337,11,51,-0.215331355093966,0.1513353115727,0.366666666666667
OH,20200313,13,50,8,20,-0.215384615384615,0.4,0.615384615384615
MD,20200321,190,94,41,0,-0.215789473684211,0,0.215789473684211
CA,20200308,88,462,19,0,-0.215909090909091,0,0.215909090909091
OH,20200324,564,140,122,0,-0.216312056737589,0,0.216312056737589
RI,20200323,106,932,23,0,-0.216981132075472,0,0.216981132075472
AL,20200318,46,28,10,0,-0.217391304347826,0,0.217391304347826
MI,20200327,3657,6550,801,0,-0.219031993437244,0,0.219031993437244
ME,20200321,73,2264,16,0,-0.219178082191781,0,0.219178082191781
MI,20200325,2294,2069,503,0,-0.219267654751526,0,0.219267654751526
KS,20200323,82,417,18,0,-0.219512195121951,0,0.219512195121951
CO,20200312,45,298,17,47,-0.220059656972409,0.157718120805369,0.377777777777778
MI,20200323,1328,2069,293,0,-0.220632530120482,0,0.220632530120482
SD,20200323,28,762,7,22,-0.221128608923884,0.028871391076116,0.25
MD,20200322,244,94,54,0,-0.221311475409836,0,0.221311475409836
AL,20200317,36,28,8,0,-0.222222222222222,0,0.222222222222222
CA,20200312,202,916,45,0,-0.222772277227723,0,0.222772277227723
CA,20200327,3879,17380,873,0,-0.225058004640371,0,0.225058004640371
WA,20200307,102,370,23,0,-0.225490196078431,0,0.225490196078431
ND,20200317,3,220,2,97,-0.225757575757576,0.440909090909091,0.666666666666667
CT,20200325,875,5023,257,341,-0.225826569210204,0.067887716504081,0.293714285714286
PR,20200323,31,189,8,6,-0.226318484383,0.031746031746032,0.258064516129032
KS,20200320,44,417,10,0,-0.227272727272727,0,0.227272727272727
NJ,20200321,1327,294,437,30,-0.227273426326069,0.102040816326531,0.3293142426526
CT,20200316,26,125,6,0,-0.230769230769231,0,0.230769230769231
NE,20200313,13,80,3,0,-0.230769230769231,0,0.230769230769231
NJ,20200318,427,190,160,27,-0.232601996795267,0.142105263157895,0.374707259953162
NY,20200316,950,4543,221,0,-0.232631578947368,0,0.232631578947368
SD,20200325,41,819,11,29,-0.232883647517794,0.035409035409036,0.268292682926829
IL,20200314,46,316,14,22,-0.2347275729224,0.069620253164557,0.304347826086957
UT,20200317,51,131,12,0,-0.235294117647059,0,0.235294117647059
IA,20200319,38,83,9,0,-0.236842105263158,0,0.236842105263158
NJ,20200323,2844,359,930,32,-0.237867729158586,0.089136490250696,0.327004219409283
OH,20200318,88,140,21,0,-0.238636363636364,0,0.238636363636364
MI,20200322,1035,2069,248,0,-0.239613526570048,0,0.239613526570048
MI,20200315,33,205,8,0,-0.242424242424242,0,0.242424242424242
NH,20200315,13,271,6,59,-0.24382628441669,0.217712177121771,0.461538461538462
TN,20200312,18,79,11,29,-0.244022503516174,0.367088607594937,0.611111111111111
TX,20200319,143,2212,60,388,-0.244173547971016,0.175406871609403,0.41958041958042
AZ,20200324,357,313,92,4,-0.244923528516838,0.012779552715655,0.257703081232493
AZ,20200318,28,148,8,6,-0.245173745173745,0.040540540540541,0.285714285714286
NM,20200321,57,3771,14,0,-0.245614035087719,0,0.245614035087719
CT,20200314,11,125,5,26,-0.246545454545455,0.208,0.454545454545455
CA,20200319,924,8787,313,806,-0.247018174723876,0.091726414020712,0.338744588744589
MO,20200327,669,369,167,0,-0.249626307922272,0,0.249626307922272
DE,20200316,8,36,2,0,-0.25,0,0.25
MD,20200312,12,94,3,0,-0.25,0,0.25
OK,20200314,4,36,1,0,-0.25,0,0.25
MD,20200327,774,94,194,0,-0.250645994832041,0,0.250645994832041
DE,20200324,91,36,23,0,-0.252747252747253,0,0.252747252747253
OH,20200317,67,140,17,0,-0.253731343283582,0,0.253731343283582
NC,20200324,398,8141,101,0,-0.253768844221105,0,0.253768844221105
PA,20200315,63,205,16,0,-0.253968253968254,0,0.253968253968254
AZ,20200321,104,240,39,29,-0.254166666666667,0.120833333333333,0.375
MI,20200324,1791,2069,463,0,-0.258514796203238,0,0.258514796203238
OH,20200319,119,140,31,0,-0.260504201680672,0,0.260504201680672
NY,20200309,142,92,37,0,-0.26056338028169,0,0.26056338028169
TN,20200322,505,3272,134,0,-0.265346534653465,0,0.265346534653465
NY,20200317,1700,5506,750,963,-0.266276361616205,0.174900108972031,0.441176470588235
OK,20200325,164,805,58,70,-0.266702014846235,0.086956521739131,0.353658536585366
SD,20200322,21,740,7,49,-0.267117117117117,0.066216216216216,0.333333333333333
OR,20200308,14,100,7,23,-0.27,0.23,0.5
MD,20200326,580,94,157,0,-0.270689655172414,0,0.270689655172414
OH,20200316,50,140,14,1,-0.272857142857143,0.007142857142857,0.28
NY,20200308,105,92,29,0,-0.276190476190476,0,0.276190476190476
MO,20200319,24,308,11,55,-0.279761904761905,0.178571428571429,0.458333333333333
MD,20200311,9,94,3,5,-0.280141843971631,0.053191489361702,0.333333333333333
VA,20200309,3,38,1,2,-0.280701754385965,0.052631578947369,0.333333333333333
MN,20200323,235,4511,66,0,-0.280851063829787,0,0.280851063829787
MD,20200320,149,94,42,0,-0.281879194630873,0,0.281879194630873
UT,20200316,39,131,11,0,-0.282051282051282,0,0.282051282051282
AL,20200315,12,28,6,6,-0.285714285714286,0.214285714285714,0.5
MT,20200315,7,103,2,0,-0.285714285714286,0,0.285714285714286
NV,20200312,7,168,2,0,-0.285714285714286,0,0.285714285714286
MO,20200314,4,90,2,19,-0.288888888888889,0.211111111111111,0.5
MO,20200326,502,369,146,0,-0.290836653386454,0,0.290836653386454
WV,20200325,39,759,19,149,-0.290868551738117,0.19631093544137,0.487179487179487
MD,20200313,17,94,5,0,-0.294117647058824,0,0.294117647058824
OH,20200320,169,140,50,0,-0.29585798816568,0,0.29585798816568
OH,20200322,351,140,104,0,-0.296296296296296,0,0.296296296296296
ID,20200320,23,590,12,133,-0.296315401621223,0.225423728813559,0.521739130434783
HI,20200321,37,124,11,0,-0.297297297297297,0,0.297297297297297
CT,20200312,6,89,3,18,-0.297752808988764,0.202247191011236,0.5
NJ,20200315,98,120,48,23,-0.29812925170068,0.191666666666667,0.489795918367347
AZ,20200316,18,125,6,4,-0.301333333333333,0.032,0.333333333333333
GU,20200322,27,126,12,18,-0.301587301587302,0.142857142857143,0.444444444444444
MI,20200321,787,2069,238,0,-0.302414231257942,0,0.302414231257942
RI,20200313,14,142,9,48,-0.304828973843058,0.338028169014084,0.642857142857143
CA,20200317,483,7981,148,0,-0.306418219461698,0,0.306418219461698
VT,20200323,75,1106,23,0,-0.306666666666667,0,0.306666666666667
IN,20200311,10,33,4,3,-0.309090909090909,0.090909090909091,0.4
VT,20200318,19,592,9,97,-0.309832859174964,0.163851351351351,0.473684210526316
RI,20200311,5,58,2,5,-0.313793103448276,0.086206896551724,0.4
ID,20200325,73,1887,23,0,-0.315068493150685,0,0.315068493150685
NM,20200313,10,190,5,35,-0.31578947368421,0.184210526315789,0.5
OH,20200321,247,140,78,0,-0.31578947368421,0,0.31578947368421
ID,20200326,123,2065,50,178,-0.320305517825154,0.086198547215496,0.40650406504065
ND,20200318,6,268,3,48,-0.32089552238806,0.17910447761194,0.5
NV,20200322,190,2448,66,64,-0.321224630202958,0.026143790849673,0.347368421052632
AK,20200318,6,406,3,72,-0.322660098522167,0.177339901477833,0.5
AL,20200319,68,28,22,0,-0.323529411764706,0,0.323529411764706
MO,20200320,47,369,23,61,-0.324050049011128,0.165311653116531,0.48936170212766
VT,20200316,8,421,4,73,-0.326603325415677,0.173396674584323,0.5
NJ,20200319,742,210,315,20,-0.329290206648697,0.095238095238095,0.424528301886793
MD,20200318,85,94,28,0,-0.329411764705882,0,0.329411764705882
UT,20200313,6,131,2,0,-0.333333333333333,0,0.333333333333333
AL,20200314,6,22,5,11,-0.333333333333333,0.5,0.833333333333333
MT,20200314,5,103,4,48,-0.333980582524272,0.466019417475728,0.8
AZ,20200323,265,309,113,27,-0.339036453562924,0.087378640776699,0.426415094339623
NJ,20200309,11,35,5,4,-0.34025974025974,0.114285714285714,0.454545454545455
VA,20200310,8,53,5,15,-0.341981132075472,0.283018867924528,0.625
MD,20200314,26,94,9,0,-0.346153846153846,0,0.346153846153846
AL,20200321,124,28,43,0,-0.346774193548387,0,0.346774193548387
SC,20200323,299,1466,104,0,-0.347826086956522,0,0.347826086956522
AK,20200324,36,986,14,40,-0.34832093757043,0.040567951318459,0.388888888888889
FL,20200314,77,478,27,0,-0.350649350649351,0,0.350649350649351
MD,20200317,57,94,20,0,-0.350877192982456,0,0.350877192982456
CT,20200310,2,54,1,8,-0.351851851851852,0.148148148148148,0.5
WV,20200319,2,143,1,21,-0.353146853146853,0.146853146853147,0.5
MT,20200322,31,1146,11,0,-0.354838709677419,0,0.354838709677419
MO,20200321,73,369,26,0,-0.356164383561644,0,0.356164383561644
NY,20200305,22,76,16,28,-0.358851674641148,0.368421052631579,0.727272727272727
DE,20200318,25,36,9,0,-0.36,0,0.36
NV,20200313,11,168,4,0,-0.363636363636364,0,0.363636363636364
TN,20200319,154,349,56,0,-0.363636363636364,0,0.363636363636364
CT,20200317,41,125,15,0,-0.365853658536585,0,0.365853658536585
WV,20200320,7,219,5,76,-0.367253750815395,0.34703196347032,0.714285714285714
ME,20200313,3,91,2,26,-0.380952380952381,0.285714285714286,0.666666666666667
CT,20200318,68,125,27,0,-0.397058823529412,0,0.397058823529412
MS,20200315,10,84,4,0,-0.4,0,0.4
NE,20200311,5,47,2,0,-0.4,0,0.4
MO,20200313,2,71,1,7,-0.401408450704225,0.098591549295775,0.5
OR,20200307,7,77,4,13,-0.402597402597403,0.168831168831169,0.571428571428571
AR,20200320,96,351,50,41,-0.404024216524217,0.116809116809117,0.520833333333333
MI,20200320,549,2069,213,-44,-0.409244454304632,-0.02126631222813,0.387978142076503
CO,20200306,2,46,2,27,-0.413043478260869,0.58695652173913,1
IL,20200310,19,244,12,53,-0.414365832614323,0.217213114754098,0.631578947368421
MS,20200321,140,695,60,0,-0.428571428571429,0,0.428571428571429
VA,20200313,30,117,13,0,-0.433333333333333,0,0.433333333333333
IA,20200310,8,32,5,6,-0.4375,0.1875,0.625
TX,20200325,974,12520,564,1763,-0.438240744992816,0.140814696485623,0.579055441478439
NJ,20200316,178,120,80,0,-0.449438202247191,0,0.449438202247191
CT,20200315,20,125,9,0,-0.45,0,0.45
NV,20200314,20,168,9,0,-0.45,0,0.45
MO,20200325,356,369,173,0,-0.485955056179775,0,0.485955056179775
MS,20200312,1,41,1,21,-0.487804878048781,0.51219512195122,1
DE,20200312,4,23,3,6,-0.489130434782609,0.260869565217391,0.75
AR,20200312,6,24,6,12,-0.5,0.5,1
DE,20200317,16,36,8,0,-0.5,0,0.5
WI,20200310,2,36,1,0,-0.5,0,0.5
CT,20200320,194,604,98,0,-0.505154639175258,0,0.505154639175258
MO,20200323,183,369,93,0,-0.508196721311475,0,0.508196721311475
KY,20200309,4,17,3,4,-0.514705882352941,0.235294117647059,0.75
KS,20200319,34,417,18,0,-0.529411764705882,0,0.529411764705882
NV,20200316,45,168,24,0,-0.533333333333333,0,0.533333333333333
FL,20200305,9,31,7,7,-0.551971326164875,0.225806451612903,0.777777777777778
MI,20200313,16,133,14,42,-0.55921052631579,0.31578947368421,0.875
NY,20200307,76,92,43,0,-0.56578947368421,0,0.56578947368421
VT,20200308,1,28,1,12,-0.571428571428571,0.428571428571429,1
AL,20200316,28,28,16,0,-0.571428571428571,0,0.571428571428571
LA,20200312,14,37,8,0,-0.571428571428571,0,0.571428571428571
IA,20200309,3,26,3,11,-0.576923076923077,0.423076923076923,1
ND,20200312,1,12,1,5,-0.583333333333333,0.416666666666667,1
CO,20200307,8,55,6,9,-0.586363636363636,0.163636363636364,0.75
DC,20200312,10,20,6,0,-0.6,0,0.6
ID,20200315,5,174,3,0,-0.6,0,0.6
LA,20200313,36,37,22,0,-0.611111111111111,0,0.611111111111111
MT,20200312,1,34,1,13,-0.617647058823529,0.382352941176471,1
DC,20200310,5,17,4,3,-0.623529411764706,0.176470588235294,0.8
SC,20200307,2,8,2,3,-0.625,0.375,1
ME,20200312,1,65,1,23,-0.646153846153846,0.353846153846154,1
MD,20200306,3,26,3,9,-0.653846153846154,0.346153846153846,1
WV,20200318,1,122,1,42,-0.655737704918033,0.344262295081967,1
MI,20200311,2,57,2,18,-0.68421052631579,0.31578947368421,1
MN,20200307,1,48,1,12,-0.75,0.25,1
KS,20200312,4,41,3,0,-0.75,0,0.75
MS,20200313,4,41,3,0,-0.75,0,0.75
ID,20200314,2,174,2,43,-0.752873563218391,0.247126436781609,1
KY,20200307,1,9,1,2,-0.777777777777778,0.222222222222222,1
AK,20200313,1,59,1,13,-0.779661016949153,0.220338983050847,1
UT,20200315,28,131,22,0,-0.785714285714286,0,0.785714285714286
NM,20200311,3,87,3,18,-0.793103448275862,0.206896551724138,1
DC,20200308,1,10,1,2,-0.8,0.2,1
SD,20200311,5,13,5,2,-0.846153846153846,0.153846153846154,1
VA,20200308,2,36,2,5,-0.861111111111111,0.138888888888889,1
AL,20200313,1,11,1,1,-0.909090909090909,0.090909090909091,1
OH,20200309,3,11,3,1,-0.909090909090909,0.090909090909091,1
DE,20200311,1,17,1,0,-1,0,1
KS,20200308,1,11,1,0,-1,0,1
LA,20200309,1,5,1,0,-1,0,1
NE,20200307,1,17,1,0,-1,0,1
